hatespeech,subtype,text
1,3,@user don ... prekleto jok twat. 
1,3,hahaha rastejo fagot @url 
1,3,@User Cunt Strecment Club 
1,3,3 osebe so ustrelile oboroženih policistov Dumb Twat @url 
1,3,psica zaostala sovraštvo @url 
1,3,"Vsakdo ve, da je Feminizan R Ling GD Zobje @User @User @User @URL "
1,3,@User še vedno grenka pizda. Veliko zanimanja Arsenal? Player Player Fodom nas prodaja. 
1,3,@ser wtf telovadnica King Phone Malo Twat 
1,3,prekleto sovraštvo Sonic kapljice kovanci dragoceno malo pizda počasi 
1,3,@user @user parodija ena stvar twat smešno. 
1,3,"@user, imenovan Fagot Stole Wall Burger King Kopalnica "
1,3,Twat @url. 
1,3,Nigga ni uresničil Fox News Negro Missing Talk Shit White ženske bi ok @url 
1,3,@user rereead sranje nepismerate twat 
1,3,vse bolje. pizda živ .. 
1,3,pizda želi zgrabiti generacijo schuff vratu dobili prekleto neumno @url 
1,3,@ser twat. 
1,3,Zaostala strupena ženstvenost @URL 
1,3,človek zapusti en teden prvi twat matico 
1,3,"@User vse, kar je resnično. smug malo twat. "
1,3,Smelly Py Blk Mama poskuša poslati zaostalega otroka Blk Goons Car Novers Sleepnthe Leader smrdljivo @url 
1,3,Kupi @User @User @User @User @User @User @User @User redno alternative @URL 
1,3,@ Bure Fuck Fagot. 
1,3,@user hmm v redu case paziti twat 
1,3,grozno pizda @url. 
1,3,"Kup napredek Bint TPA, ki govori eno pravilo eno drugo. blizu preklete kave. "
1,3,"@user @ser @user ne sprejema obtožb resno, da je feminazi možganov. glej. kontekst vsega. "
1,3,Cum Eye Ball Fagot Dickhead prekleto pizdo kurba torte 
1,3,@user lol ok prepričan. pizda 
1,3,"Prodaja DVD-ji HAHAHAHA SHOP, ki bo sovražila žensko counter mongy cunt vseeno deser @url "
1,3,Končal sem malo psice. gojijo prekleto pizdo. 
1,3,"dobil sem glavo, kot je Dyke dobil glavo kot @url "
1,3,@User LMFAO zaprto pizdo 
1,3,Zlati vizumi: bogati priseljenci zloraba quebec je priseljevanje pro ... @url preko @User 
1,3,@user @user @user off ya pizda ne verjamejo še vedno fotografijo haha x 
1,3,@User Feminazi je zaznal 
1,3,rrrrrly dont caring im pizda 
1,3,Prekleta sovraštvo Lanky Ginger Cunt Joseph Brady 
1,3,@User @User @User Ženska. Orodje. se počutite nevarno. Kako je retard. 
1,3,"@User Barns je slišal razpravljati o ""lecherous twat"" empook ""levič zaplet "".nneasily končal .... "
1,3,"vse, kar vonjajo. "
1,3,dobesedno je čakala rdeča svetloba pet minut sem prekleto retard 
1,3,@User @User EGN Admin? Shut fucken usta pizda dajo jebemti ftp dal @url 
1,3,Aw Nut pizda FKN Gee Lift Home 
1,3,wow. Twat @url. 
1,3,Twat? Gary twat. 
1,3,@User Boys Boys ..... dokler sami premagujejo toksične moškostične moškosti. 
1,3,Jebemti Ching Chong Siopao Dimsum Shit SA Vprašanje 3 ???? ne morem razumeti Can Cant c n e x u l z e kasi nejapati 
1,3,"Sinoči Bar pizda, ki je potegnila Purge Knife Rahlo Tug War @URL "
1,3,pizda. @user poroča o bogom? @User @url. 
1,3,Trda ura. Cunt ga razrežemo. Onkraj besed @url. 
1,3,"Igra Glitched pizda popolne izzive, kot so 4-krat dejansko štejejo "
1,3,@User @User Yeah Long West Ham Fans Ok .fuking retard 
1,3,Izgovorna pizda !! @url. 
1,3,@User Happy Birthday Cunt X 
1,3,@user @user @user @user @user @user @user z uporabo všeč retard lmao 
1,3,@user @user izgleda kot Dyke Bruh 
1,3,@User LMFAO povej pizdo pogleda drugje 
1,3,Bald twat. NNHE ne more nič vezati! @url. 
1,3,@user @user ne najdejo verodostojnih samic 
1,3,@user @ser @ser Twat Shop Spalni Lion 
1,3,@user @ser @user @user @user @user Hildebrand Twat Pure Enostavno. 
1,3,THETE NRRD CALL CORINA CUNT! potrebu! 
1,3,@ Burer očitno pizda celo poznajo zgodovino ekip 
1,3,@User tečaja feminazijeva roll druga. Goljufije! 
1,3,@user še vedno prekleto twat 
1,3,Današnja ogrevana razprava ... Največji imenovani Twat Ashley Run #nufc - Llambias Charntley 
1,3,@ Bure Fuck Deferktor 
1,3,Twat @url. 
1,3,bodisi noro retardirane tanke črte ločijo 
1,3,Možnost poraz vile Face Pussy Hat FeminazI Man-Hatting Bitter Burches brigada. Bog nam pomaga @url 
1,3,prekleto fagot. 
1,3,@user @user @user @ser @user u Talkin Tae? neumna pizda poznajo vaše mesto 
1,3,spremenjen original Dyke-esque kostum B slutty bc Tristan navdihuje b whore n on eve n gre @url 
1,3,@user @user popcorn 
1,3,@User Girl daje 3 dni Twitter Cunt Ponovno postavi Rit Lockup. @url. 
1,3,ikona .. dejansko! Najboljša stvar Sloty Little Cunt je rekel dolgo časa Vesel sobota Filthy Ani @url 
1,3,"Vedno so se večerne ustavile, da se počutijo dobro jutro "
1,3,@user @user prekleto pizda 
1,3,Neresnično plazilna postelja 13-letna nočna vrata naslednja vrata yappy malo pizda psa wed 
1,3,Hes Ching Chong Chicken Nugger lol; ) 
1,3,@user @user je poročal Twat 
1,3,1v1 Riot Shields krog 11 pizda jebemti igre pizda 
1,3,"@user yeah pizda vprašam, jaz grem n sranje "
1,3,Tweeted zadnjega. podvojitev pizda. @url. 
1,3,"@User je dobil BOLLICK, ki je dal ime obraz tweet, čeprav ti? patetična pizda. "
1,3,"vsakič, ko vlak vedno kurba sat rezerviranega sedeža "
1,3,@user sranje piss fuck kurba cocksucker motherfucker joške prdce turd twat izbrisati bc nespodobno af 
1,3,"United bo uničil Sunday Kaj? Lukaku Bolje, da se spustite sranje pizda. "
1,3,@user @User Cunt Rude Yessi Ignore 
1,3,@User pomeni #nacionalizem. prekleto twat. #impirbrumpnow @url. 
1,3,@user ninja?! resno fant dobesedno zaostal. vsaka všeč ima @url 
1,3,@User @User @User @User Call N **** Povej Go Back Država! 
1,3,"@User @User Silly Little Cunt misli, da so ljudje prizadeli. plus to '@url "
1,3,@user vedno zgodaj ne more spati twat 
1,3,GO Facebook n glejte En Twat Blackface lahko kriči 
1,3,"Dumbasses res mislim, da sem poškodovan klic chink ching chong karkoli bish sem celo boli lmao "
1,3,prekleto scumbag cunt @url 
1,3,"@user @user, ki leži, ker ... Ahhh Liberalni feminazi. Gotcha! "
1,3,Dajmo Twat prepovedano. @url. 
1,3,fant nadlegovati dekleta klubi prekleto twat 
1,3,Tragična zgodovina Manchester United Cunt Tweets To! On je prekleto sramota! @url. 
1,3,"Bolan sem, da vidim obraz Novice Feed Cunt. "
1,3,@user dejansko jebemti? divja pizda. 
1,3,Charlie Leloth Mongy Cunt 
1,3,"Današnja je smešno vapid intolerantna pizda, ki je prinesla pismo, ki je trenutno ASCENDER-TRANSITIO @URL "
1,3,@User @User Jaz sem srednji stara. Ljubezen bele ženske. Ok bela. 
1,3,"psice pravijo, da je noro resnično zaostala "
1,3,"@user kliče ljudi, ki so neobčutljivi! To je najboljši tweet dan .. Daft pizda "
1,3,@user @user žalostna pizda 
1,3,@User Play DayYou Deluded Twat OMD Slap hitro odstraniti 
1,3,@User Act TireSome. Dobesedno doseže nič si prizadeva za thwart nacist pizda. @url. 
1,3,"Ja. Razmišljanje o tem, da se je začelo polnomastno gibanje feminaz. ženska lahko najame potencial W @URL "
1,3,@user @user @user @user @user @user ummmm .... Buddy? mora biti zaostal. 
1,3,"Fliped Guy je uporabil Crush Best Friend misli, da me jebemti. Jaz sem mrtev .. vraga neumna pizda "
1,3,"Lynching! Počakaj. Ok linching globoko državno feminazsi zaroto! Ja, to je to. "
1,3,Booooooooooom smrdljiva pizda čas lufc bit sreče jebemti gozd ljubezen leeds #lufc #mot @url 
1,3,"@user ve, da povzročajo vidni konzervativni moški vedno nevedni sprašujejo divji liberalni femalni @url "
1,3,grda pizda lol. 
1,3,@User še vedno sledi twat. Oglejte si večkrat retweets 
1,3,@User @User Bog Sovražim samice. 
1,3,@user @user @ser @user pizda 
1,3,@user u vzemite agresijo damo za mano? velikan twat. 
1,3,@User Complete Twat so! 
1,3,Hej Siri! .... Ti twat. -Sess horowitz. 
1,3,@user @user @user @user @user @user @user moški sovražijo femining femining? @url. 
1,3,Old Guy Bangs Mlada Twat @url 
1,3,Twat ... @url. 
1,3,@user nikoli zyzz bruh fuckin bolna pizda Bruh 
1,3,"Kadarkoli se odločite, kot ženska fr vzemite ples Bachata teden idk Spic instints "
1,3,"@user feministke vredno oreh, da nigga prikazuje feminaz dekle zapri evtanazijo "
1,3,"@user @user @user @user @user hahaha prekleto pizdo ... vem, kaj je slabše. Šalim Terribl @Url. "
1,3,@user @user @user c'est amusant cette Remarque Parce que justement les migranti ceux qu'o @url 
1,3,@User Spic govori? 
1,3,Jaz sem prekleto maščobo! Nič ni leznega pizda 
1,3,"Karma prekleta pizda, ki jo vedno pozabi. "
1,3,@user @user @user 2 cena 1 zajamčena manj 4 računov feminazi @url 
1,3,@ser twat. 
1,3,@user dobesedno 5 minut glasovanje Twat Farage je rekel dobro jutro Britain 350million stvar laž. 
1,3,Mi smo zajebal terorist ljubeč pizda gets power @url 
1,3,orkestrirano feminaz! Christine Ford Feminazi odvetnik MX Katz Ranking Feminaz @User @url 
1,3,@user @user @user @user prihaja militantno feminaz ... 
1,3,"Trump's Shithole Države! Postavimo oborožene stražarje, zgradijo zid vsako poštno številko Amerike Shal @url "
1,3,Čas krvavi pogon Swansea Tho Fagot 
1,3,"Thierry Henry John Terry ... Vprašajte, da je masiven prekleti pizda @url "
1,3,zdaj slabše kupovanje pizza okusa kot stale pisssy prdec twat 
1,3,"@user oh sranje slaba nosy psica. Gmshahs Nah misli, da Twatnnyou're dobesedno škoduje "
1,3,Všeč mi je @User Video @Url Javed AKHTAR - Intelektualna terorizem Plovila - Aaj Ki Taza Khabar 
1,3,Prekleta razstava mora iti twat. 
1,3,@user poceni pizda 
1,3,Jebemti World Fuck Velika Titted Mongoloid @URL 
1,3,prekleto pizda 
1,3,@User Chinaman Wetback? Izgleda kot kombinacija. 
1,3,@user pub ya dolgočasna pizda! osvetlite mate. 
1,3,Haha Cunt Paid Talk Shit Let Moment #dicksucker @Url 
1,3,@User @User @User @User Dobro se strinja Mary. Tweet šala. Stephen Twat @Url. 
1,3,Ženske Twitter res retard paket @url 
1,3,"@user @user @User @User Great Cilj. vseeno, twat .. "
1,3,@User Ena grozljiva prekleta twat stvar. 
1,3,@user @user oh vraga neumna twat 
1,3,@User Trampy Little Cunt Chavvy Nncan't Trusto Corr niti Sneaky Russian Pesy Nn 
1,3,Tweeters Love Besede (30 dni): Spooky Jebemti Igraj Usoda Modra Bitch Choice pizda kurba Coochie originalna petelin @url 
1,3,Res ne morem dati ravni inteligence naslednje pol-retard točke 
1,3,Prijateljski fant je vprašal Ching Chong Real Word ... ni dipshit stereotip wtf ????? 
1,3,Kim Kardashian Tweet Pics Boobies areola Twat Clit Timeline? 
1,3,@User Good Sreque Pol-Day Ya Hibs Cunt 
1,3,Elaine dati Mitcha prišel v zadnjem času? Mogoče HES testosterona. ne povej žensk. @url. 
1,3,@user @user @user @user @user @ser @user @ser @user @user @ser @user « 
1,3,Femibinazi Fake News @url 
1,3,neumna twat @url. 
1,3,Oh stara pizda 
1,3,Sabarimala dialogi in amp; Razprave ženske menstruacijo šokantni ameriški mongolodni ljudje. oseba ti @url. 
1,3,Še vedno presenečen retard je postal predsednik @url 
1,3,Trifling Twat Waffle pošteno najboljša žalitev 
1,3,"@User @User On je prekleto rasistično pozornost, ki išče pizdo. "
1,3,Kot zarota Theorist Alt-Right Terorost Cunt daje Jebi Palestinci. 
1,3,sins prekleto mongy pizda ya ming @url 
1,3,@user ugh u pizda 
1,3,@user postavi E splav 
1,3,"Prav tako želijo vedeti, da je naredil monstrusion pizda potrebe izginejo x "
1,3,@user humor ženska retard dobil tho 
1,3,David Warner De Prav Royal Twat Hughes Družina krivi vse čudak nesreče @URL 
1,3,@user predstavlja počasno Hammow kamen Twat mahanje pest kadila palice okoli mesta 
1,3,... Zakaj Trash Avstralija naredi drugo Shithole Country .... @url 
1,3,Kdor je izumil Ben Fowler Pozabljena Spooling Coz Cunt Skinny Rit Jebemti 
1,3,@User sem vprašal varno mejno zaščito ameriških državljanov nezakonite tujce. nikoli ans @url. 
1,3,"@user lol celo retweet, kot je žalostna pizda cos želijo, da se lovijo barabe, ki jokajo "
1,3,Poslušajte izgovore. MSM čaščenje Orange Turd Shond Mattery je. Zgrabi muco Shithole COU @URL 
1,3,@user @user @user @user oblačenja halloween (retard anger vprašanja) grda pizda 
1,3,@user @User's Revisit bo ... Prinesel je liberala 
1,3,"Stavim, da je Wow Bafana "
1,3,Jebemti Dumbass Bitch neumna rit idiot fucking crap obremenitev sranje neuporaben rit pizda headhess seronja njegova-immomib @url 
1,3,Očitno Očitno APU Simpsons Elektrom je pokazal Zaostala dnevna starost 
1,3,"Jebemti Zombie Apocalypse se nikoli ne bo zgodilo! Ni'm zaskrbljen ""debela pizda"" apokalipse že na nas! "
1,3,domnevno 5 minut neumnega pizda 
1,3,Dis Dyke Finna Get Feminizirana nazaj 
1,3,Ženska odrasla človeška ženska Terfs različica Ok bela. 
1,3,Feminazi Bullsh * T make up. @url. 
1,3,pizda je razbijala telefonsko roko sinoči 
1,3,"Girl Go obleko, kot je Mongol Pencil Halloween, odkar se je uporabljal # 2 nnLouder ljudje nazaj !!!!! "
1,3,patetična pizda @url. 
1,3,Igra Zajebal Shit Shite Shitty Twat Bastard Game 
1,3,@User Blow Conciticit Twat kot na svetu rancid queeef @user nnyour oče's extra- @url 
1,3,Dobra novica se bojim ženskam 
1,3,ya drugačen krekerd daddyncalled pizda pedofil nhe je rekel 18ndie počasi ya fucken toe rags 
1,3,ni več reči 
1,3,@User Beseda Fine čudna pizda 
1,3,@user @user @user @user @user @user @user youre preprosto dal jezen feminazi. 
1,3,Desna pizda je bila zaračunana postin video Sayin plin Judje 23-krat res Tryin Ae Pipe H @url 
1,3,"@User .... Bogom strelja? Nnfuck Cunt.Nnwe Dovolj zmaga. dejstvo, da smo taktin @url "
1,3,Zabavno dejstvo se je imenovalo Chink Ching Chongd 11. razred komaj izgledajo azijsko belo mesto 
1,3,"@user @user neumna twat potrebe daje nazaj svobode, drugi so se borili za. neumni pos. h @url. "
1,3,@user hvala pizda 
1,3,@User je bil jezen. pizda. 
1,3,"Sorta pizda dolguje nekomu denar, ki očitno izognili dajanje krpljivih besedil itd gre z nigh @url "
1,3,"@User, ki je sprejemljiv celo lev buden. Posebna vrsta Trophy Hunterja "
1,3,Tory twat @url. 
1,3,@User Well WASP ustaljeno državo vsakdo vrnitev države izvora ... če @url 
1,3,OBVESTILO FUCKING Izgleda Pearceovo velikosti stopala. Whatta pizda. Get Fuckhead outta mlb. @url. 
1,3,Guy potrebuje nadzor Alt Brisanje Self Fuckin Dirtyyy Arogant Neuporaba Cunt Wow @Url 
1,3,Fagot Lady nikoli zajebava 
1,3,@user @user ex6 suck kurac ne more niti dober stran fucking velika retard wondes ldlc nenadoma b @url 
1,3,pizda zaslužena @url. 
1,3,Opomnik je logirala sektaška pizda Ian Durrant. 
1,3,"Človekova pizda! Oprostite, uporabite besedo, ki jo je mrtev. @url. "
1,3,@User I Friends Girls Borderline Zaostala osebna osebnost osebnosti 
1,3,@user se počuti kot debela pizda 
1,3,Sovražim vsak planet Cunt Planet 
1,3,@user omg babe hvala 
1,3,Hitro ljubezen avto. Želite narediti Twat minuto. @url. 
1,3,pizda prekleto smeh? Stroški 370 fucking joke @url 
1,3,"bratranec, ki me je kosilo, me ne morem čakati, da plačate vsako pizdo "
1,3,@user @user @ser @user @user @user @user @user @user @user im feminazi. @url. 
1,3,@user lmaooo cunt. 
1,3,Negro je rekel Nabiha?!?! Tudi bombil smph ... 
1,3,"@user O, žal je razložiti SMTTH vedela reči, da vem, da se bom vrnil "
1,3,"@User Stick Okrog okrogle glave zaprta pizda gor. še vedno dovolj slabo, da moramo prenašati Shite pesem dvajset let kasneje "
1,3,"@user, imenovan Všeč mi je COYLE MOYES MONK LAUDRUP & AMP; koeman daft twat. Vesel sem Club Car @url "
1,3,bi izgledal kot twat kot to? @url. 
1,3,prost? Zakaj? _ BC vlada Cunt @URL 
1,3,@User Nae Cunt se strinja Wae 
1,3,"@ser watch sit mislim @user kmetovanje, kot je retard vse, kar je zanikal @url "
1,3,@user prekleto raghead cunts 
1,3,@User @User @User @User Real ženske. FEMINAZIS. DEMANEAN MEN FUN TA @URL 
1,3,@user twat ores. 
1,3,"@User @User Skoraj Mueller Time Shithole (izraz, ki se uporablja v 3. svetovnih državah) !!! "
1,3,"Gremo desno Twat, ki zavije zaščito prič, še večja @url "
1,3,@user Ja Lucky Lubenica Neuporabljena Twat 
1,3,Twat? @url. 
1,3,"@User Da. dvomim, da bo. Druga samopomoč je absorbirana kurba za pozornost. @url. "
1,3,Reci Cunt Dammit !! Nit je naslednji torek FFS. 
1,3,@User @User @User @User Hurry Glasuje pizda 
1,3,@user Celzy je rekel COS Retard 
1,3,"sesati kurac, dokler ne izgleda neumno zaostalo "
1,3,Postavite pištolo. Fucking Brave Eh Tiger? To je @url 
1,3,Končana #makingamurder 2. Bobby Dassey kriv. Ken Kratz pizda. Kathleen Zellner Legend. Delores Allen Avery. 
1,3,pizda. Dare Pošlji misli mrtve. Usta na nogavicah potisnite moža. fosent v @url. 
1,3,"Way vsi, ki vsakdo kihanje, ki se ukvarja z investiranjem ene ploskve Chinaman vedno nosi "
1,3,Going Pippi Longstocking Halloween dogodek Nocoj Bc Shes Ginger nosi Dyke Attire Fit Merila 
1,3,@user ponaredek moškega moškega ljudem 
1,3,@User im rasist. Mama dober primer brez prijatelja. Hvala! #bslunch. 
1,3,"Ženske DJ pravi, da služijo dolar retard sok bar: @url "
1,3,@user Jezus je tudi grozno. Nah Ona preberite FELLANE RESping Cunt Dick. Ljubim @url. 
1,3,mate upanje wellnntranslation; nncunt ideja konča online pogovor 
1,3,Colossal Twat. @url. 
1,3,Kill pizda !! @url. 
1,3,"@User @User Maggie Twitter bi mislil, da lezbični feminazi aseksualna. "
1,3,Reci BF Nadaljuj Pošlji Dick Pics Heinous Cunt 
1,3,@user hvala win fucking mongoloid učenje dejansko branje razumejo pravila neumna fukanje scumbag 
1,3,pizda. Potrebujete vse. @url. 
1,3,@user @ser @user oh videti še en skok je skakal feminaz videti seksizma tam. 
1,3,"@User @User sem izklopil. Fed mongy ženske, ki se ujemajo z izgubo glasov ... "
1,3,@User pogled demented retard privlačen dekle 
1,3,Dobro razmišljanje o kazenskem pregonu Spic UC Honda Accord Eat Shit pravijo eno besedo Mind Games Fun Th @url 
1,3,"Twat levo ohranja, da se ustavi, kaj premaga vsako volitev, ki prekliče @url "
1,3,Troll težje nepomembno malo pizda! 
1,3,lmao youre fagot pussy vtičnici dekleta HELLA Fat Cuz Cuble 
1,3,@user yeah pizda. Gre do daljnih ugrizov. potrebno 
1,3,pripeti kot francoski toast? Pumpkin Spice? Poglejmo bučo francoski toast skupaj! Pumpkin @url. 
1,3,Fucken sovraštvo stranke prihajajo shranjujte 5 min zapiranje Poskusite sranje na. jebemti pizda hoče domov 
1,3,@ Burer preneha dati twat pozornost. Očitno clout lovi. 
1,3,Človek: Oh stop sambinazi 
1,3,"Dave Roberts Zaostal jebač, upa, da je požar neumna rit. dude še vedno misli, da igra @url "
1,3,"mislim, da je Mourinho'a bit pizda klobuk srečanje fantov. tajski jamski fantje srečujejo Manches @url "
1,3,najmanj on je dosledno pizda #strump #pittsburgh #unfittobepresident #unfitfoRoffice @url 
1,3,@user @user @user @user @user @user @user @user @user ly quoi parler de nombre de migranti brezhiunt eno statistique etinique. @url. 
1,3,@user slap pizda pls 
1,3,@user velika zaspana twat 
1,3,"sirotka, ki je dolgočasen old postrv napačno pizda blokirana kot povedati resnico @url "
1,3,@user omg ... Jaz sem feminist ... feminazi sem človek udobno človek telo 
1,3,Masovna umorna mongoloid sem vedno naredil precej dobrih dame. Vedno komentar spalnica ey @url 
1,3,@User Get GmoD pizda 
1,3,Insitet ..... aka uber voznik .... ur fat pizda sesati clit 
1,3,Twat je. @url. 
1,3,@user bolan cunt. 
1,3,@user @user @user @user @user gee noreen twat to. 
1,3,Zarco Twat. 
1,3,"@user bi verjetno glasoval res kot VP, jaz sem PC SHIT, kot pizda tablete? Strenske vreče? kul bra. "
1,3,#feninazi. 
1,3,@User Good Going Fucking Zaostal BOTS Plane Letalo! ljubezen stanejo brit @url 
1,3,@User @User Hun Good Computers. ignoriraj twat. 
1,3,absolutna prekleta pizda. Zabodel bom prekleto oči grozno barabo. @url. 
1,3,Pitch pizda kdaj se nekdo pogovori tako. 
1,3,@user mongy cunt. 
1,3,@User glej Ferocity Flames Twat. Neustrezna informiranje naslednjega KIN .. @URL 
1,3,@ser twat. 
1,3,@user prihaja blizu nesramnega twat 
1,3,Jebemti Navy Shit torbe Twat trenerja. Zaženite pravo prekleto kaznivo dejanje 1934 
1,3,"@User Ena pozornost, ki išče pizdo. "
1,3,Alfiejeva življenjska lekcija št. 15678.nif bo delal twat pričakovati slap. @url. 
1,3,@user @user @ser @user @user @user @user oh jebemti pompozno pizda. Neil Portilo @url. 
1,3,"wtf. Jaz bi zagnal ravnega prihajajočega avtomobila, ki sem ga videl twat @user @url "
1,3,@User @User @User Warner's Twat. orkestrirane medijske stunt. Warners Australian @url. 
1,3,koristijo vsakogar prekleto shithole Country Bog 
1,3,Mogoče Jennie Anti Hacker ne bi bil debela grenka pizda @URL 
1,3,@User upam. Twat je poskusil reči fiksni Dodgers bi zmagal 7. 
1,3,"vonj, kot cigarete "
1,3,@User Go Delo Nigger? 
1,3,"@User Druga Twat Talk Thing: Vse Lol @User verjetno ve, da MOT @url "
1,3,Kaj je znano #pittsburghshooting guy absolutno rasist twat zaslužijo zrak @url 
1,3,"Hits, kot je puščica premaknila zrak drugega belterja, čeprav puščica gre naravnost velika mongy ugly pizda. "
1,3,Ženske podpirajo spolne plenilce Power Cunt-maskote zatiranje. 
1,3,UMAR WASIM Audacity CR7 praznovanje. irrediemeable twat. 
1,3,Ne morem verjeti pizda pisati. @url. 
1,3,potrkal bolan .... pizda @url 
1,3,@User @User @User @User @User @User @User @User @User @User @User @User @User @User @User @User @User @User @User @User @User @User niti resnica 
1,3,Tuja pizda očitno ne more govoriti britanske ulice. .... govoril parlament ne @url 
1,3,dušilka en fitzsimmons cuntn @ url 
1,3,@user očala ukradel okvirje n real noho twat 
1,3,Cynical Abhorent Cunt. 
1,3,Američani: lol ur dingusnnaussies: vraga ya fucken dog pizda 
1,3,@user dude še vedno twat waffle 
1,3,@User @User Cunt Pošlji pas nazaj. 
1,3,KUT !!! @url. 
1,3,@user Jaz sem Tryna Jedo Twat Taco. 
1,3,@user Benitez neuporabna pizda 
1,3,grozno twat. Unflow @url. 
1,3,Mark Nobles Cunt Isnt #westhamutd 
1,3,Banter Codeword Cunt. 
1,3,@User Idea Idea je to storila. Stop Twat. 
1,3,mislim Hashtags konec Tweet Extreme Levo Femibinazi propaganda 
1,3,Twat Head @Url. 
1,3,@user @ser @user @user @user @user @user @user raste 
1,3,@user ah šibka severna twat. yep bi bil smiselno ameriški.Nhave lepo večer malo'un 
1,3,Clear Dan Dads neumna pizda 
1,3,"Prvi razred Mongy Cunt razmišljati o odločitvah, ki sem jih naredil "
1,3,@user prekleta pizda je povedala 
1,3,@user @user @user @user religija twat x @url 
1,3,pizda je videla Tweet Guardingmeme v 'N Kliknite na. Solze Streamin doon Face začne uničiti aw hi @url 
1,3,Sisters autistic veliko neprijetno pizda @url 
1,3,Želite bit trebuha y'all trditi konec klicanje maščobe pizda. @url. 
1,3,6 iger vrstica sem pridružil napredek jebemti pizda 
1,3,@user nnhe bo nabiral prekleto čeljust 
1,3,@User dobesedno Fagot. 
1,3,@user negro pls. u veš u negro en. Sry. 
1,3,@User FOD !!!!!! Druga Twat je ostala preveč! 
1,3,@User Cunt. 
1,3,@user camille ur neumna pizda 
1,3,Račun Twitter Gets Daj Klic Racistični kurba COND Twitter 
1,3,@User Oh Shit Ching Chong 
1,3,Dyke Energy Mary Louise Parker Red Sparrow res seksi @url 
1,3,@User neumna Dyke. 
1,3,Znana dolga mehka pizda bi to užala. @url. 
1,3,"Predstavljajte si, da je veliko mokra pizda užaljena risanka @url "
1,3,da namesto tega vse productive fuck im neumna pizda 
1,3,Preteklo napeto Tweet Twat. Get Back Twitter Game. 
1,3,@user @user @ser @user @user @user nikoli ni bil všeč twat. celo drsi @url 
1,3,Heating Race BC Izgleda / kožo. rasist? Nn (vse dirke kavkaški negroid mongoloid capoid avstral -oid itd) 
1,3,@User ena nezrela pizda sinoči 
1,3,@user gre slepih twat root dobili prsni nog uporabljen h @url 
1,3,@user woah sem nasmejan kot twat rn hvala 
1,3,@user omg twat bi zaprl en dan ... 
1,3,@user naredi razburljivo melb bc sydney u hoditi najmanj 128bpm u dobili imenovani pizda 
1,3,Stephen Fletcher Fucking Cunt 
1,3,COMEDIAN: * Povej dobro misel šala * Nnme: Nn * Kako se je upočasnila? Kurbe so zdaj opravile izgovor. pic @url. 
1,3,"@user, lepo. Mob jezen feminazi demokratične ženske. ne morem stati dostojnega konzervativnega @urla "
1,3,"Kdor je mislil, da zavija uro "
1,3,"Obstaja sporno, da je prekleto twat želijo smrt nedolžnih ljudi! @url. "
1,3,@user matt očka sodnik ... ti privilegiran twat. 
1,3,dobil živahno spomin na posilded cracker scum cunt oče starost 14 cunts @url 
1,3,dude ravne pizda. @url. 
1,3,@user ooh kicking stara šola twat ljubezen 
1,3,@User @User GONE NOSINT DYKE !!! 
1,3,Prekleta grozna pizda. @url. 
1,3,V soboto zvečer Posebna postelja CUS vsaka kurba Zemlja Unreal Stuff 
1,3,"Pojdi Strip Club Man, ki bo kurba natakarica ženska Walks Ostanite @Url "
1,3,@user pizda ogromno naslednje @url 
1,3,@user slick rick leeds twat 
1,3,@User Vsakdo bi rad naredil šef Twat! 
1,3,@user twat. 
1,3,Pomislite na resnično soglasje Današnja igra Fucking Smash Steven Naishith Twat 
1,3,@User @User Hang Cunt Cunt Bricks počasi zaduši smrt. 
1,3,@User @User Incoherent Twat 
1,3,"dont želite belih ljudi, ki uporabljajo Word Nigger morda prenehajo uporabljati čas sami ??? "
1,3,@User svete prekleto žoge Holier Thow Twat Nugget? 
1,3,pizda napačna družba @user @user dobili format fucking disgrace @url 
1,3,@User Feminazi Pregled Preverite! 
1,3,@user fuckin cunt. 
1,3,"Pravi, da neumna pizda želi pravice do Američanov. hej potrebuje svobodo @url "
1,3,@User @User COLFITITIČE 1/2 SPLETNI BOTOX Vbrizgavanje 
1,3,"SOS skoraj imenovan ženska pizda, ki je vožnja mama avto reči, da še vedno tresenje bes pizda "
1,3,"Ljubezen del šestletnih let, ki je življenje, kar ne more prebrati popolnoma .... ne more = pizda "
1,3,@User pizda. 
1,3,"Včasih se zbudi, kot pizda, ki pije veliko noč. Ne pozabite slabo @url. "
1,3,Pomoč Fast Chinaman @url 
1,3,@user @user je poslušal prej hahaha celo Tho hes pizda pol mongy navijače 
1,3,Powers povečuje primitivne priseljence primitivnih priseljencev. #capitalizem brcne prihranek dneva. @url. 
1,3,@User Ja Danes veliko naredi oči Kontakt Femit 
1,3,@User Krava zahteva seksistične nasilneže. FEMAYAZI stepila. @url. 
1,3,@User Ugly Rit Bitch Fat Pig Delete Shit Cunt Bottom Carrel Fagot 
1,3,@user @user ni GAF ABT Puerto Rico Gay Črna rjava Shithole ComgesNwomen Puchies ... zdaj jezen. 
1,3,Anime Stans Calling BTS Ching Chong ?????? jebi selektivni rasizem ?????? Sranje Dodaj. 
1,3,rak prekleto pizda 
1,3,@ser twat! 
1,3,ight weodnight .. Alexa igra Ching Chong Bitch Woahhicky 
1,3,@ser n po študiju n velika pizda 
1,3,"Končno razumeti ""feminazi"" o ... "
1,3,"Dobra novica, ki se bojim ženskam "
1,3,@user @user preberite Feminazi Lines ... oni neumni spoznajo 
1,3,Poslušaj pizda Odločite vsega skuše Lololola 
1,3,dobite prepovedano pizda @url 
1,3,@user yeh pizda x 
1,3,ja nah prekleto dumb cunt @url 
1,3,Vedno trik gledati stvari ljubezen zanimanje čustveno zaprta pizda ja @url 
1,3,@User Mama Talking Queefing Twat prdci. Sranje hit ventilator 
1,3,@user & amp; Histerični #feminazi Cabal je dosegel novo nizko. 
1,3,@User Obudeted Cunt! vedeti 
1,3,TF dodaja nekomu gc polno latinx klic nigger kosov sranje? premagati tf narobe 
1,3,"@User @User @User @User @ Burer @ Burer Twat Invest, čeprav. Brez obresti @url. "
1,3,Banter = pizda. @url. 
1,3,"Predstavljajte si fant, ki blokira vse, kadarkoli gre ven ... Čudna pizda "
1,3,@user prekleto twat. 
1,3,"Sveto sranje. Modeli dejansko povedo, da pozabijo na dih? Vroče piščance res zaostala #luxurdcard "
1,3,pošteno pizda usnje jebemti že človek 
1,3,Twat. 
1,3,Soppy pizda. @url. 
1,3,@User neumna pizda. 
1,3,@user @user bolan malo pizda 
1,3,Ohranite konj polno oklep Let's Comofiers Twat Shit Mace !! @url. 
1,3,@user absolutno twat. 
1,3,Kužujoča buča? 
1,3,@User ne bi presenečen najti 3. stranko. Naredite funkcijo filmov. Raghead PAT @URL. 
1,3,@User Feminazis se boji stran odstojnih moških. Kmalu nihče ne želi nič 
1,3,@User Man Hater Feminazi 
1,3,@User Chaating Cunt. 
1,3,@user tam je neutzkovna tipka queer pizda ena vprašal branje prasica fant 
1,3,Jebemti Čurna pizda Povej hčerico Go Making Friends Mongy BITCH @URL 
1,3,@user nikoli ne v redu bela celo razmišljanje 
1,3,@user pizda bod 
1,3,Jaz sem tvoja motivacija Twat @url 
1,3,@ser twat bela hiša 
1,3,Kri klobuke klopi. lovski lovec - vabi živali prsti dvignjeno številko 1 ubijanje @url 
1,3,@ser twat. 
1,3,@user točno brat najboljši fagot 
1,3,"@User prenaša, kot bi lahko premagal Piers Morgan Twat Decade Award "
1,3,@User @User @ Burer African Nation's Far Shithole Države !! ena ženska pres @url 
1,3,@user misli krompir krompir Chong paradižnik 
1,3,KLJUČNA TOČKA: Christine Blasey Ford Feminimazsi Odvetniki so prevažali Charade Globow Slaket @URL 
1,3,Potrebujete prijatelje Nekdo Epic Pridružite se neumni kuhinji Kaj je tvoj prekleti problem sranje cunt @user 
1,3,prekleto pizda 
1,3,@User Bloody Hell Lock Cunt Box za vedno 
1,3,@User povem twat misli f *** off. Think Series Velika Great Game Igranje 
1,3,@user @user @user @user @user @user @user @user oh on je bolna glava pizda @url 
1,3,"@user @user, ki želi zaščito otrok spolno nadlegovanje zlorabe, ki jih naredi samico. "
1,3,"Ohmygod dude, daleč rit pizda, žal mi je, da je kdo podaril fagot denar @url "
1,3,poskusite prestrašiti težko spoznajte ljudi visi tok dejansko skrbi shit twat @url 
1,3,@user ne more niti črkovati funkcionalne twat 
1,3,@User SKUPAJ TWAT. 
1,3,@User feminazi 
1,3,@User @User Ya Real Deal Kurba Vse Retard Dela. smh 
1,3,pizda punting pizde jezike 2019fuck free World !!! Hočeš zgraditi snežaka!?!? @url. 
1,3,"@User bogati pizda, ki naslavlja populacija zmanjšan načrt za vratar brcts v ... "
1,3,Naj Record Show Cunt @User padel na 16:00 vikende ... SMH 
1,3,@User Sobota Daft Twat dobro nedeljo 
1,3,"@ser twat poskrbite, da dodamo fižol degenerira "
1,3,Pita sestra kot - knock rit deklica. 
1,3,Nevarna pizda. @url. 
1,3,@user ok 13 yr stara pizda 
1,3,Ženske kot nn * retard zvoki * 
1,3,@user @user točno jez mehko twat žival fetiš sem prepričan 
1,3,@user Sjskksk ljubezen twat 
1,3,@User Evil Cunt.npeople kot družba. 
1,3,"Tudi. Jaz sem obsojal pizda, ki gleda, da je zaraščena indie fantje najuhees dobili čustveno @url "
1,3,GFS sestra visoko ponujajo tesno muco neverjetno tesen svež pizda @url 
1,3,"#feministi, ki se imenujejo #feminazi @url "
1,3,Najprej je stvar satana. Drugih grmičevje .... tretji lasje izgledajo grozno. @url. 
1,3,neuporabna. veliko bolan kisik ukrade kurac splash cunt tweet nekaj @url 
1,3,"@User @User FeminazI se bori? Zakoni obstajajo knjige, ki jih je treba spremeniti @url "
1,3,Verjetno šolo. prekleto twat. @url. 
1,3,u set lil camel toe noseča poznajo twat dobil Lil Twang 
1,3,Noro polovico US 90-krat dojenčki dobijo stare duše polovico zaostale af. 
1,3,Dejstvo: Boyfriend Cunt Mates omogočajo še večjo pizdo. 
1,3,@User Bunch Twat. @url. 
1,3,"bi mama mislila, da je beseda pravilno prekletstvo? Ups! "
1,3,@ser twat! 
1,3,@user ok poravnajo Betty Friedan Feminazi 
1,3,Point pištola STARK STARK kosmate rit kurba rit prasica. @url. 
1,3,nazaj poraženci cum kondoms gnussing fucks pics sluts !! # cuckold #cumdumpster #faggot 
1,3,"@user @user že potekajoča najmanj kondenziranega dejanskega dogodka, ki ga imate @url "
1,3,@User @User @User @User @User @User @User @User @User @User @User @User @User @User @User @User @User @User @User @User @User @User @User @User @User @User @User @User @User @User @User @User @User @User @User @User @User @User @User @User @User @User @User @User @User @User @User @User @User @User @User @User @User @User @User @User @User @User @User @User @User @User @User @User @User @User @User @User @User @User @User @User @User niti 
1,3,@User Drug Soros je plačal samico. Iščem zanimive ženske bucke. Odvetniki lažnivec .... 
1,3,obžalovanje utripajte sranjem samice. dobro izgleda #alisonhrahar @url 
1,3,"Prekleta Jackass! Ljudje so resnično glasovali s predsednikom, ki je prekleto zaostalo rit prasica! @url. "
1,3,"se prepričajte, da se toksični feminazi moški začnejo gibanje? bi pomagal odgovoriti questio @url "
1,3,@User Drill Cunt. 
1,3,@user zajebal cunt. 
1,3,Dyke sestra pridobivanje vlečenih komentarjev TSR. @url. 
1,3,@user c bomba je vrgel okoli lot v: pizda! ... kaj cunts @url 
1,3,ne bi pričakoval različne levice hinavsko-femit twit. dobite strokovno pomoč asap tanek @url 
1,3,@user r u sayin mama izgleda kot retard ??? u wanna fuckin vrgel roke pizda ??? 
1,3,@User retard. 
1,3,Fucking Hope Chine Get Posred Fucking Fagot obstaja 1-2 let _ chink '@url 
1,3,"BeyondBrandon je res šel v živo Infront 2000 ljudi, ki so lagali, imenovani Fagot Top @url "
1,3,@User (1) Mongol. Napačen nacionalist? NIF ljudje nacionalist w @url 
1,3,"Potreboval bom roke, kdaj ustrelil pizda. @url. "
1,3,@User @User nasprotuje Hillary? majica dviganje mongoloid. 
1,3,@User Epitome Cunt. 
1,3,@user @user im venturing uganiti lefty feminaz man haters .... ne morem dobiti moških. Zato je neumna @url. 
1,3,"Oh, definitivno vem, da sem me poskusil vraga. Veseli čaj čas pizda. (;; "
1,3,@User ljubezen povej občuduje. prostovoljno delo sirski begunci @url 
1,3,Označen je. prekleto grobo. Hair vedno izgleda kot sranje twat waffle. @url. 
1,3,Sarah Silverman je šel polno retard'n @url 
1,3,@User je porabil 2 leti Avstralija. Vpil se je vrača država Spit hoja Str @Url 
1,3,@User 50S @URL. 
1,3,"Twat sem pijan, dovoljen alkohol "
1,3,"želijo twat ljudi, ki sem hunguver, kot je napaka iz dumbass psica "
1,3,"@User Cunt ure več, vseeno pa je izreče. "
1,3,"Sprašuje se, kdaj bom ustavil mongy pizda "
1,3,Manny Machado je premaknil pizda ... 
1,3,"@user vedo, da je beseda ustvarila naročilo, ki je povrnjena moč, imenovana nigger desno? ho @url. "
1,3,@user nikoli ni rekel Dyke 
1,3,@user @user @user @ser @user twat. 
1,3,Ker denar povezuje povprečno krivdo trik rit prasica. postanite pizda n @url 
1,3,@user hes literal twat hey? Poskušal je upravičiti Twitter Toonthis Guy je šlo Twitchcon @url 
1,3,Spomnil Time Homegirl Dating Dyke niti nihče ne bi mogel odpreti Jar ŽeLeL LMAO @URL 
1,3,"Obstaja prekleto neumno malo brit vasi, ki se pogoni okoli kot twat nevarno potegne parkiranje @url "
1,3,@user @user @ser @user @user @user @user @user @user @user @user @user @user @user @user @user @user @ser @user @user @user @user @user @user @user @user @user @user @user @user @user @user @ser @user @user @user @user € \ t 
1,3,Amen! Feminazi Man-Eaters Evil Churcse! @url. 
1,3,#Name? 
1,3,machados prekleto twat. 
1,3,"@user potrebujejo, da najdejo punca, ki je vezana "
1,3,Cilj danes dobite hišo Spic n span 
1,3,"Lmao Girl Job je danes rekel, da ljubi Sass. pokličite Fagot. "
1,3,Prekleti čas twat. 
1,3,@user @user morda uporabljen SPIC? NNI je vzdihnil. ponavadi prvi scena brani deborah b @url 
1,3,absolutna pizda. Prekleto usmerite to? Različni streljanje ciljno območje fucki @url 
1,3,Hoes Nasty Zaostal obupan. 
1,3,@User odgovor besedila fagot 
1,3,"Got Street je nadlegoval ignoriranje treh moških uporabljenega jezika, kot sem Ching Chong Me. Prezrl @url. "
1,3,Geert Willer nizozemski zakonodajalec države Sirski begunci Nizozemska je prišla Sirija varna. @url. 
1,3,"Včasih se spomnimo časa Whiny Actual-Brac, ki ga je branil Taylor Swift Fan je poskušal trditi pizda "
1,3,@User Absolute Mad Cunt 
1,3,@User @User @User @ Buser Caribbean Imptigrants Caribbean sužnje afriške sužnje. Build United @url. 
1,3,@User @User Drug ogabni leži samic. Izhajajo? @url. 
1,3,vsak kurba dog camo halloween 
1,3,@user ljubezen način drži mongy lipped twat 
1,3,"Rekel je, da ženske poznajo pogon? ... daft twat @url "
1,3,@user dude zapreti. Prekleta 3-letna maščobe. nespoštljiva pizda. reas @url. 
1,3,"Im jedem prhanje, ki zapravlja žrebanje. @url. "
1,3,@User Brother zakon je uporabil grozno Toh 
1,3,"LiechatOffendupSonusDisRespectalienatebully na splošno pizda ne more presenetiti, da rastejo stara osamljena "
1,3,Fucking Bad Cheeesus .. Samo pravična pizda. @url. 
1,3,"@ Buser twat res reči to? Na žalost skoraj zveni, kot bi lahko verjeli besede? Surel @url. "
1,3,@user @user kriči ching chong rasist. obdobje. 
1,3,@user @user @user @user @user @user @user @user @user @user niti twat.nnyou dobesedno rekel to '@url 
1,3,David je postavil nenaravno videti svetovnega sveta 
1,3,@User Dumb. Neumna. HOOE DUMB. jesti shit rasist twat 
1,3,@User Cunt #Snowflake. 
1,3,Oh vraga neumno mokro pizda 
1,3,"@user Družinski fant ima bari, ki pravijo rasistični seksistični sklop nikoli ne spremeni grde pizda "
1,3,@user ya twat! Nnallthough ga lahko prenese ... izgleda kot priročne stvari vedele ... še posebej stanje 
1,3,Steven taylor twat. nnross aloisi gre duševno. # brivwel 
1,3,Povejte nekaj ... prijazni pegec teče okoli božičnega puloverja? 
1,3,Prav tako kažejo dolgočasno celo S1 Riverdale zanimiva Dyke Icon Cheryl Clossom 
1,3,"mislim, da prevede nyou twat @url "
1,3,@user @user @ser @user @ser @ser @ser @ser @ser @ser @ser @ser @ser @ser @user @ser niti punca mislil u mislil ching chong chun-li pitch ... \ t 
1,3,im cunt wen im pripravljen! Dnt TEST. 
1,3,@user kot pizda 
1,3,"@User Sramment !! Drugič, Twat mora biti res! "
1,3,ha ha priča odskočiti kot debelo ladijo twat spredaj clip @url 
1,3,Resnično hodi okoli tabela danes visoka pterodaktil twat. 
1,3,kot mingyu's Dyke punca 
1,3,@user @user tipična keltska pizda 
1,3,@user verjetno povzroči twat. 
1,3,@User @User Fact Fantje BIO Bere Shithole Države kaže majhno @url 
1,3,"Potegnite Tweet Calling Robbie Sexist Twat Predstavljamo Vibe Pet, saj dajejo zaslon Tweets "
1,3,Tukaj je član Magistry Race Synagoga Pittsburgh. umazana nacistična cunt @url 
1,3,UNFOLD grozna pizda @url 
1,3,@user je ostal. Ne povejte minaz koristnih idiotov. Uživajte v Living Free Country GR @URL 
1,3,Izdelava šaletov Leicester Desna pizda 
1,3,"@User Canadian Model omogoča, da se nevladne organizacije združujejo posamezniki sponzorirajo sponzoriranje beguncev zvezni vnos. "
1,3,@user Jaz sem Neizogiben 
1,3,"Kdo ve, prosim, povej svetu @url "
1,3,"@user @user @user @user pravi, da bi posilstvo mama pizda dobesedno žalostna stvar @url "
1,3,@User on je dvomil 
1,3,@User res grozno pizda 
1,3,@user polnjene twat zadnjih 5 minuets kamen dobe. 
1,3,topi pizda rima 
1,3,@user nikoli twat lol 
1,3,snuggle. 
1,3,@User @User Talking Demokracy Sencycy Twat! 
1,3,"@user, kot se imenuje Gillebrand Whack Job Feminazi Hawaii "
1,3,Pridobite preklete strežnike Cunt @URL 
1,3,@user conway dobesedno postavljen feminaz limbaugh yore case pomeni pretvarjanje feministične dejanske naciste. 
1,3,"zaostali kolegi, ki presega toleranco. @url. "
1,3,@user zaostal nihilist. 
1,3,@ Bure Fuck To je ena bolna pizda 
1,3,Fucking Hate Queue Old Cunt stojala? Jebeš Barbara Stojala za Ya Stara Beint. 
1,3,@user @user Great Patriot je omenil še en twat .... bi lahko zlahka odšli embala @url 
1,3,@User Shut Fuck grozljiva pizda 
1,3,@User Get Head Twat Report dejstva. blokiran. 
1,3,Razvrsti kurba Obroči Storitve v sili Rave. težave z drogami. Naj pizda umre 
1,3,"@User @User, ki ga dobiva. Dejstvo je retard uporabljal žalitev @url "
1,3,@user pizda prijatelj. 
1,3,"jaz: slabo vem, da je pol črnca cracker "
1,3,"ne verjamem, da sem obtičal neumno Dyke Bitch "
1,3,"Ford lažnivec, kot je pussy hat, ki nosi samice. #tuckarlsontonight. "
1,3,Glej @User Presenter SIT Naslednja Fit Bird Razmišljanje Iščemo ga ... NNHE'S Cuntnn # hesacunt 
1,3,@User @User Nope je Cunt General 
1,3,"Kaj je slabše, da se imenuje kurba pitca? Kot kurba retweet pizda. Poskušam dokazati točke. "
1,3,Negro je dobil živce 
1,3,Pal smo vedno valovne dolžine twat 
1,3,"bi sledil domov, ki je brcnil fagot rit @url "
1,3,@user @user kratko sladko! ... pomeni tweet malo twat 
1,3,@user twitter vojna sem državna dejstva u grozno pizda u braniti žensko beaters u želite u l @url 
1,3,@user izgleda cunt @url 
1,3,@ser Nah Coz Cunt 
1,3,"@user @user Old Dyke misli, da kdo skrbi? vem dont. Mogoče je povabil @url. "
1,3,Vsi so rekli Fagot @URL 
1,3,pizda nikamor 
1,3,@user on mega fagot 
1,3,"Pravzaprav sem prestrašen parkirni avto, kjer koli park twat najde gugalnice "
1,3,@user @ser @ser twat! 
1,3,"@User Ja, bi pomenila, da bi priseljenci v Evropi postali Shithole. dober @url. "
1,3,@user @user on twat je zakaj. 
1,3,"en tip, imenovan dekle Spic bo prekleti "
1,3,@User @User Senseless Nemful pizda. Očež Sina je lahko umrl @url 
1,3,@user glej smešno stran tbh lads twat 
1,3,"samice dobesedno zaostala občutek, da se dobro sranje postane nadležno "
1,3,@user @user twat. 
1,3,@user @ser @user fk leži twat 
1,3,Olivia fucking retard vsi so videli video že 
1,3,"@ser fitt bint.nnlike arent levistov, ona bo sesala vse, kar je veliko krši LOFT @URL "
1,3,@User @User Ye Hand Čeprav mehke twat fuckin igre smeti 
1,3,"@user dont nemogoče, da nočni mori je izgledal tudi kot feminazi @url "
1,3,Vsakdo potrebuje unfollow pizda. nnthanks. nn # cuntn # neupošteva # bolna # leicester @url 
1,3,Al Vrti Geezer Party dobili pizda pes kosti povej dvema besedama: Springburn Soundsystem X @url 
1,3,Face tattooed. krepko potezo alfa pizda krepko premakniti n #findomme #femdomme #tattoofetish n @ uporabnik @user @url 
1,3,Potus - samozaposleni Twat. Guns = več incidentov pištol. Enostavno Blooody Maths! vsi ostali @url. 
1,3,Rondo zaostal 
1,3,strogo prihaja mongol 
1,3,"@ Bure Pure frustracije. Zdaj je izbrisan Tweet. ve, da je naredil napako. "
1,3,Shut Jackie-Chan Twat !! N # Spidermanandfriendsbot 
1,3,Nega Cardiff Fans sovraži Liverpool pizda petje hribovborough za popolno pizdo. @url. 
1,3,"@user ur masivni douchebag! Lahko levi Kanada Cunt Canadian, ki te ni nikoli zapustil! Socializem @url. "
1,3,Jaz sem domov uničiti pizda čudno flex. 
1,3,@User @User bi lahko priznal Tweat bi verjetno dovolj naslednji vodja SNP. 
1,3,"Oprostite, da sem še vedno molil Peobula, ki je danes vpletena na eno najnižje točke. vseeno GN ostane varen "
1,3,@User @User je šel polno retard. 
1,3,@User OK Fagot. 
1,3,"kdaj nas pokličemo, bomo prišli. Nikoli ne ob upoštevanju malo pizda. rešili bomo @url "
1,3,Feminazi Fake News. @url. 
1,3,absolutni odpadki kisik twat je! krivi medije sovraštvo @user @url 
1,3,ngl bubblingcancer fucking cunt @url 
1,3,@user jebemti fagot @url 
1,3,"@user, razen ur masivne twat cut je rekel Soju u uničen celo vibe "
1,3,Guy Retard .. @url 
1,3,Bog je prekleto twat. @url. 
1,3,@user @user nah im feminazi .... ne mislite moške toksične smeti 
1,3,"@User @User, ki je dobesedno vprašal, pritrjena pizda. "
1,3,On je pizda! #lufc @url. 
1,3,"yall se bo zavedal, da sem kot masiven twat en dan "
1,3,Amen. strupena žena. Ženske moralno središče patriotski center razume @url 
1,3,@user borin moodly auld pizda 
1,3,"Jaz bom prekleto oči oči, bom pokopal živo malo sranje Sin kurba kurba whore al @url "
1,3,branje twat #adrinbot. 
1,3,človek hodi twat @url 
1,3,Ottie izgleda radiranje. Yukan Real Dill. Dave izgleda solata sladkorne pese Povej ya julia twat. #corny #adsofmafsnz #mafsnz. 
1,3,@user @user @ser @user @ser @ser @ser @user @ser @ser @user @ser @ser @user @ser @user @ser @user niti na srečo dati @url. 
1,3,@user @user halloween obleko vse absolutno twat 
1,3,@ Bure Fuck kos Shit Stole Insta Uporabniško ime Go Ching Chong Bong nekje drugje! 
1,3,ref cunt. 
1,3,Cunt @url. 
1,3,hitrost twat @url. 
1,3,@user oh stfu šibka-chinded želva-soočajo hinavsko skunk twat! 
1,3,"Gozd bi lahko osvojil lige zapisane točke, ki so zabeležili Goodman, ki še vedno reče sranje. Blokes twat! "
1,3,@user on je pizda 
1,3,u wanna iti u prekleta pizda 
1,3,@User @User Shut Retard Renaying Gettin Virtual Pussy 
1,3,"@User @User Put Punt Feminazi's Uprights Potrdimo, da je Kavanaugh potrjen. "
1,3,Spopal se imenuje Kunt anti semitsko karkoli. moti anti rasistične vrednosti buil @url 
1,3,@user velik bugger brez skrbi svetu nloolods točno kot xs prekleto pizda cat stanejo @url 
1,3,Podprta Kamara Champ razmišljanje potencial pizda jebemti še posebej to. @url. 
1,3,@User StockArd Channing Fabulous Punt Island Right ?? videl praktično čarobno prvič @url 
1,3,"Nocoj nocoj. Komentar, da si zaostal @url "
1,3,"Predstavljajte si, da je pokopališče Obisk ljubljeno One u Glejte retard fotografiranje grob @url "
1,3,@User Cunt dobil Stutter Suhin? 
1,3,"@user da.nhe potrebe jebemti muslimansko državo prakso njihovo.Total pizda, ki je začela @url "
1,3,ughhh wanna jesti pizda 
1,3,"Mislim, da pizda simbolizira okenske vrata, ki odpiranje resničnega dela. Baby vidi mamo '@url "
1,3,@user @user @user @user neumna twat ne vidim invazijo državi @url 
1,3,@User Absolute Mondoloid Revaling Stare dramske Sake Pogledi 
1,3,@user @user @ser @user @user @user @user @user @user @user @user @user @user @user @user @user @user @user @user @user @user @ser @user @user @user @user @user @user @user @user @user @user @user @user @user @user @user @user @user @user @user @user @user @user @user @user @user @user @user @user @user niti 
1,3,Naročite Ching Chong Brother @url 
1,3,Ljudje Cuntsncunt zavit Cunts Topla Cunt Polnjenje postreženih postelji Pražena cunts. 
1,3,@user grda rit prasica zaostal otrok 
1,3,@user videti prvi tweet človek. Nit. Fuccin pizda idiot. 
1,3,@user @user desno twat. 
1,3,"Pridobivanje TwatNnNeverydy želi, da je # goirish #pasttenseftweet "
1,3,Namen poglej rit mongoloid #s #bot 
1,3,"Ključ, da se poročite, ki prevaža dekle v prvem mesecu se zavedam im Quirky edinstveno im zaostal "
1,3,@User On je razvrščanje pizda 
1,3,@ser twat. 
1,3,Velika Mongol Khan Coin @URL 
1,3,@user jebemti pizda 
1,3,FEMINAZIJE. 
1,3,pizda shot @url. 
1,3,Fagot Fighting Ženska SMH SAD AF LMAO @URL 
1,3,Twat. absolutno twat. SKUPAJ IZPOLNITE TWAT. Oprostite TWATS. Novi kralj. n # maga @url 
1,3,Primer neumnega pizda. @url. 
1,3,@user OK pogrešam ching chong 
1,3,Jaz sem #metoo postavil ljudi ponaredek moči. kot fantje trdijo grozljive zgodbe @url 
1,3,"Twat zapravljen čas. dobro delo etika dobili službo, kaj šele poskusite nadzornik wtf "
1,3,"Čas Time #Dumpf prikazuje nevedna twat, vendar ga še vedno podpirajo. resno unded @url. "
1,3,@User @User @User @User LOL Corbyn Twat Dve vrsti. 
1,3,@User @User danes Twat. Oglaševalske plošče Lige prvakov za njo. Izbriši 
1,3,ne pozabite im negro 
1,3,da je popoln egotističen twat @url 
1,3,@User Državna pizda Primerjava malo znanega komika Predsednik celotne države - Ja @url 
1,3,Oh gawd Bonnie ubijanje bratranca bugs.n # spidermandfriendsbotnshut jackie-chan twat !! @url. 
1,3,Naj dobite pizdo prepovedano @url 
1,3,@user @user shes feminazi linebacker kot ti? 
1,3,Ocena uspešnost boljše roke. Swings retard prekleto! On je Monster Fertinecn # SMTM777 @URL 
1,3,Trump popoln idiotski twat. @url. 
1,3,@User g Tweed? G. Twat. 
1,3,@user Nahhh Im Retard XD 
1,3,"@User, kot je zobna pasta, celo uretra. zobna pasta naredi skyrm seretra naredi kurca pizda :) "
1,3,nadležen twat obraz? K Hvala. 
1,3,absolutna pizda @url. 
1,3,"@User @User Look State Slob! Twat! Upam, da je prtljaga izgubila! "
1,3,"Oh, želi žrtve, ki govorijo o odprtem pogovoru. Twat. @url. "
1,3,@user? - Mnogi ljudje Obama nalepke naredijo levičarske teroriste? . antifa & amp; BLM pozna @url. 
1,3,Prekleta pizda !!!!! @url. 
1,3,Naslednja pizda Omemba Scorpio sezona Getting Ena dva Kostya Tszyu 
1,3,mislim Spic Slika 
1,3,neumna dumb cunt @url 
1,3,Sovražna pizda. @url. 
1,3,ker Aaron naravnost rancid cunt @url 
1,3,@User Cunt. 
1,3,neumna grda li # ying pizda 
1,3,@user @user @user @user @user @user @user @user @user @user @ser @user @user fukhari retard.nwe shias verjamejo karkoli pravi. 
1,3,"@User pizda 28 let stara Hit Meth Mid Match Zvoki, kot je popolno življenje aye "
1,3,"@user ne more verjeti, da se Twet 70-ih sooča s kritiko Perilo "
1,3,@user @user @user @user da šef 'da fucking pizda. pomeni svetovni relevan @url 
1,3,@User Complet Cunt. 
1,3,@user res ena KYS Fagot Kids Huh 
1,3,pridi #congleton ime sramota malo twat headbutting kicking starejši moški ženske @user toda @url 
1,3,Pravzaprav sem twat. 
1,3,@user twat. @User Pomoč prijatelja je sinoči končal bolnišnico? 
1,3,"@User ID, precej nigger Dumb Bitch Dumb Burcha "
1,3,Ma'am Major Cunt Muffin 
1,3,neuporabna kurba @url. 
1,3,LAD BUSSHES Jets potegnil dlake razširitve razred twat 
1,3,izgleda kot pizda spanec kot usta odprta dvojna chins udov shop lase zapletena povsod @url 
1,3,@user prekleto neumno malo twat luknja 
1,3,Poglej absolute doos! Trofeja Hunter Man Cunt. Razumeti lov foo @url 
1,3,@ Bureer del scenarij? Želi Feminazi tam! Going March DC četrtek W / @URL 
1,3,Mongy Cunt Ashley Young Ohranite Fist Bumping Vsakdo Raste Mate 
1,3,Preberite Tweets ne more pomagati razmišljati velikega citata velikega človeka. nnthese lil psice zaostala 
1,3,@User Naučite se nekaj Pro Neutected Twat! @url. 
1,3,desno twat? 
1,3,@User Hej Fagot Suck Balls 
1,3,@user @user @user @user @user @ruser žena čudovita. Patty prekleto seksi utrujen twat. 
1,3,"Stan Twitter misli, da so smešne smrti šale. Speed Ching Chong Junior Dies @url "
1,3,to je negro desno 
1,3,"Ne morem iti niti zahvalni večerji, ne da bi skrbelo, da bo nekdo poklical nigger / chink / spic nesreče @url "
1,3,@user očitno twat. 
1,3,@User ne more resno! Očka je napaka Twat. Živi zemljišče Lale. Bolan. #fucktrumps. 
1,3,@User 9 10-krat FeminazI retardes en bash moški dal natečajne obtožbe r poskusite @url 
1,3,@user @user @user @user Kno levičarske ženske veliko največjo domače grožnjo. Skoraj 3/4 @Url. 
1,3,"Nerodno veliko kažejo Jenna je postala popolna prekleta pizda, ki je vodila goljufanje. to je zavrnil. "
1,3,FEMINAZI Čas polnega sila hodi od norih ljudi @url 
1,3,"@User On je celo prekleto smešno McIng Subpar, raje poslušam bat stranišče TBQH Bland Twat "
1,3,@User Cunt @URL. 
1,3,Trump Navijači pošiljajo poštne bombe in amp; Snemanje sinagogov ne morejo poklicati ženske pizda 
1,3,prekleta pizda @url. 
1,3,Dobro dobil Facebook BK Uporaba 1 Left Get BK Wudnt Datum Rojstvo Facebook Fucking Twat Ugh 
1,3,Zapri Fuck Fat petje pizda. Zvok kot 3 podhranjena mačka. 
1,3,@user yeah twat tweet vse. 
1,3,vedno ena pizda prekleto sovraštvo 
