type,comment,username,timestamp,url
0,kjer koli so musliči so vedno težave! bosna prav tko.,Van Der Waals,"Friday, October 2, 2020 3:54 PM",https://nova24tv.si/svet/video-vojna-med-armenijo-in-azerbajdzanom-armenci-ze-stoletja-vecina-na-spornem-ozemlju-ki-vsemu-navkljub-ostaja-del-azerbejdzana/
0,"Star slovenski pregovor pravi ""kjer se osel valja, dlako pusti"".
Iz tega dejstva, kar to nedvoumno je, da so te odpadke pustile oblečene živali, ki vdirajo v slovensko krajino.

Okupatorji in veleizdajalci slovenskega naroda pa jim pravijo """"begunci"""", ki bežijo pred delom in so jim v tem tako podobni, da navijajo zanje.",Slovenec 33,"Friday, April 16, 2021 7:16 PM",https://nova24tv.si/lokalno/v-graciscu-organizirana-cistilna-akcija-cistili-bodo-za-ilegalnimi-migranti/
0,"KDAJ BODO TILE ZLOBNI MIGRANTIĆĆI SPOZNALI, DA BI MANJ NASTRADALI, ČE BI OSTALI DOMA ??? !!! ???",Zgornji,"Monday, March 22, 2021 12:49 PM",https://nova24tv.si/svet/tragicna-nesreca-na-hrvaski-avtocesti-umrli-stirje-migranti-19-pa-jih-je-ranjenih/
0,Res bi jim morali že pred prijavo v azilnem centru porezatti jajca.,Franc Šink,"Friday, March 5, 2021 1:00 PM",https://nova24tv.si/svet/na-kanarskih-otokih-migranti-posilili-36-letno-zensko-ki-jim-je-zelela-le-pomagati/
0,"a je kakšen razlog, da se na te satanove musli iztrebke ne strelja, ali ima policija vodne pištole ali kaj - pobiti, pobiti in samo pobiti in bo mir !!!",sunday,"Saturday, January 2, 2021 11:25 AM",https://nova24tv.si/svet/migranti-unicevali-ter-ustrahovali-tudi-v-avstrijski-prestolnici/
0,"Rožle vam že ves čas hoče dopovedat ...
da prihaja horda zla v Evropo, ..
za katere bodo tudi naši EU muslimani, za njih fejk muslimani ali pa celo neverniki ..",Rožle,"Thursday, January 14, 2021 12:40 AM",https://nova24tv.si/svet/video-mustafa-ruznic-migranti-povzrocili-7500-kaznivih-dejanj-in-posiljevali-mlada-dekleta-neznano-kam-izginilo-90-milijonov-evrov-za-resitev-migrantskega-vprasanja/
0,"policija zaskrbljena? ja streljati jih naj zacnejo in ne bodo vec zaskrbljeni, drugo si ti gnili musli satanovi iztrebki ne zasluzijo !!!",sunday,"Monday, January 4, 2021 3:53 PM",https://nova24tv.si/svet/razmere-v-bihacu-usle-izpod-nadzora-maroski-migranti-zabodli-drzavljana-bih-ti-predstavljajo-novo-nevarnost-saj-so-vsepovsod/#comment-5211970346
0,"Ja, sem videl podobne posnetke že lani , kako se Zlobni migrantičii brijejo norce iz poštenih ljudi !!! ! !!! AAAmpak, si ne predstavljate Česa Vsega Hudega so te Peklenske Pošasti v človeški preobleki še sposobne, Temveč, boste Kmalu sami videli + občutili , in to žal tudi na vaših otrocih !!! ! !!! Zato pa, ker jaz To Vem, sem toliko proti uvažanju teh Satanovih Hord Zla !!! ! !!! Krivi pa so v prvi vrsti za to naseljevanje Zla Samo Levuharji, potem pa deloma tudi mi desnaki, ker smo jim to Dovolili, ker smo bili Brezbrižni, Malomarni in Naivno-Popustljivi - Takrat , ko je bil Primernejši čas za To !!! ! !!! Sedaj je namreč že precej čas zaskrbljenosti (panike) !!! ! !!! Žal. Mir naj vam bo .",Zgornji,"Thursday, October 15, 2020 10:37 AM",https://nova24tv.si/svet/video-ilegalni-migranti-sredi-koronakrize-v-trgovinah-lizejo-izdelke-z-otrosko-hrano/
0,"JA, AMPAK TELE ZLOBNE MOHAMEDANSKE ZVERI SO PA PRECEJ SLABŠE KOT PA SVINJE, KAJ ŠELE KAKI OSLI ... PA ČEPRAV VEM, DA SI SAMO PREGOVOR ZAPISAL ... !!! ! !!!

TOREJ : NEK MOJ BRAT TAKOLE PRAVI GLEDE TEH NEČLOVEŠKIH IZRODKOV :

"" TI IZRODKI NA NAŠIH TLEH SO ISTO, KOT ČE BI SVINJO V DNEVNO SOBO PRIPELJAL !!! ""

IN NEK DRUG BRAT PA JE NA TO DODAL : "" AMEN : SVINJA BO ŠE NAPREJ SVINJALA PO DNEVNI SOBI , KER SE NE ZAVEDA KJE JE IN KAJ POČNE . ""

JAZ PA NA TO DODAJAM : TELE ZLOBNE ZVERI PA SO ŠE VELIKO HUJŠE KOT SAMO DIVJI PRAŠIČI !!! ! !!!

IN VSI TISTI, KI TAKŠNO UVAŽANJE TEH PEKLENSKIH IZRODKOV PODPIRAJO, OZIROMA DOVOLJUJEJO, SO PROTISLOVENSKI ZLOBNI UNIČEVALCI ŽIVLJENJA IN SLOVENSKEGA NARODA !!! ! !!!",Zgornji,"Wednesday, October 7, 2020 7:35 AM",https://nova24tv.si/slovenija/video-sokatno-poglejte-si-to-ekolosko-svinjarijo-ki-so-jo-za-seboj-pustili-ilegalni-migranti/
0,muslimane prepovedat !,skorpijon93,"Thursday, October 1, 2020 4:03 PM",https://nova24tv.si/svet/bihac-prizorisce-spopada-med-afganistanskimi-in-pakistanskimi-migranti-dva-mrtva-blizu-20-ranjenih/
0,Ne razlikujem afganistanca od pakistanca. Jaz sem vseglihar in zame je vsa ta golazen istiqrac!,RATATA,"Thursday, October 1, 2020 12:47 PM",https://nova24tv.si/svet/bihac-prizorisce-spopada-med-afganistanskimi-in-pakistanskimi-migranti-dva-mrtva-blizu-20-ranjenih/
0,"kaj vse si ta golazen muslimanska dovoli - gnili musli satanovi iztrebki - dajo jih v hotel, napolnijo jim podganje riti, gnili musli satanovi iztrebki pa ga zažgejo, samo v ta ogenj bi jih bilo potrebno zmetati, saj to niso ljudje, to kaj so sem opisal in to kažejo tudi sami - smrt vsem, ki nasilno vstopajo v deželo in tudi vsem tistim, ki jih vabijo saj izdajajo lasten narod in domovino !!!",sunday,"Friday, September 25, 2020 10:15 PM",https://nova24tv.si/svet/zaradi-odrejene-karantene-razjarjeni-ilegalni-migranti-v-italiji-zazgali-hotel-v-katerem-so-bili-nastanjeni/
0,"SO IZKLJUČNO SAMO BREME IN STROŠEK TILE MOHAMEDANSKI ZLOBNEŽI !!! ! !!! IN NAJHUJE JE TO, DA BODO SVOJ NAJHUJŠI OBRAZ ŠELE POKAZALI !!! ! !!!",Zgornji,"Sunday, September 20, 2020 6:30 PM",https://nova24tv.si/svet/migranti-tretjega-sveta-so-prej-strosek-in-breme-kot-resitev/
0,"Dober primer takega futranja migrantskih prašičev je bil pred leti v Kamniku, ko je župnik Gosar zalagal klošarja z denarjem, in , ko pa ga enkrat ni hotel dati, ga je klošar kratkomalo takoj ubil. In Isto bodo delali tile migrantiči, ki so pošasti kot tempirane bombe , čakajoče na napad !!! ! !!! JANEZ, BRANE, BENO, ALI VAM JE TO JASNO ?? ZATOREJ, HVALA VAM VNAPREJ ZA NUJNO PREVENTIVNO UKREPANJE . Mzv.",Zgornji,"Saturday, August 29, 2020 12:52 PM",https://nova24tv.si/slovenija/sekretar-kangler-nenadejano-obiskal-center-za-tujce-postojna-razmere-svetlobna-leta-od-koncentracijskega-taborisca-migranti-zauzijejo-do-3500-kalorij-na-dan/
0,"Tudi musli smradi se delajo norca iz povojnih žrtev, tako kot levajzl komiji. Ampak palica se bo kmalu obrnila.",McBobo,"Friday, August 28, 2020 2:02 PM",https://nova24tv.si/slovenija/sramota-ilegalni-migranti-smetijo-po-neoznacenih-grobiscih-pomorjenih-v-kocevskem-rogu/
0,"NATANČNO PRIMERJAVO GLEDE TEH IZRODKOV, JE DAL NEK MOJ PRIAJTELJ : PRIPELJATI MIGRANTA V DRŽAVO, JE TAKO, KOT BI PRIPELJAL SVINJO V DNEVNO SOBO !!! ! !!! VE SE KAJ SLEDI : SRALA BO NAPREJ, KOT DA SE NI NIČ SPREMENILO !!! ! !!! IN TOČNO TO JE Z TEMI MIGRANTIČI !!! ! !!! ZATO JE VSAKDO, KI JE ZA UVAŽANJE TEH MOHAMEDANSKIH ZVERI, JE AVTOMATSKO PROTI SLOVENIJI !!! ! !!!",Zgornji,"Friday, August 28, 2020 2:29 PM",https://nova24tv.si/slovenija/sramota-ilegalni-migranti-smetijo-po-neoznacenih-grobiscih-pomorjenih-v-kocevskem-rogu/
0,"Se strinjam, samo to je razlika, da bo od svinje lepo zadišalo, ko boš dal na ražen, migros ti bo pa še bolj zasmradil, kot je.",Jože Nardin,"Friday, August 28, 2020 3:12 PM",https://nova24tv.si/slovenija/sramota-ilegalni-migranti-smetijo-po-neoznacenih-grobiscih-pomorjenih-v-kocevskem-rogu/
0,"Po mojem mnenju Je 80% migrantov vojaško izurjenih, ali kriminalcev najhujše vrste!!",Franc Šink,"Sunday, July 19, 2020 3:28 PM",https://nova24tv.si/lokalno/migranti-stvari-so-znosnejse-se-vedno-pa-klicejo-k-ukrepanju/
0,"Najprej ga ""oskrbeti z batinami"" nato pa v izvoz.
Azilno zakonodajo je treba zaostriti do maximuma za azil lahko prosijo le izjeme od izjem z res izjemnimi težavami drugače nemože.",xtc,"Monday, August 3, 2020 12:56 PM",https://nova24tv.si/slovenija/video-razkrivamo-podrobnosti-incidenta-v-azilnem-centru-v-postojni-migranta-splezala-na-bivalni-kontejner-in-protestirala-eden-tako-da-se-je-samoposkodoval/
0,"To drhal je treba ustavit. Potrebno je poslati vojsko z orožjem na mejo in mejo neprodušno zapret za to drhal in jih ne trpat v azilne domove da državljani delamo zanje. Ti ilegalni migranti prinašajo nevarnosti kot so kriminal, terorizem in bolezni. Vojsko bi bilo potrebno poslat ne glede kaj lajajo izdajalci domovine(se ve kdo so).",mona lisa,"Monday, April 20, 2020 1:41 PM",https://nova24tv.si/slovenija/crna-kronika/stale-pred-bencinskim-servisom-v-ljubljani-ilegalni-migranti-postajajo-vse-bolj-predrzni/
1,"Črnci niso za nobeno rabo.
Lenuhi, brezdelneži, tatovi, roparji, morilci.
Govorimo o VELIKI večini.
Jebeš izjeme.",centurion,"Sunday, August 23, 2020 7:28 PM",https://nova24tv.si/svet/doncicev-zvin-gleznja-ni-tezje-narave-vodstvo-lige-nba-se-dobrika-temnopoltim-na-crnski-rasizem-pa-pozablja/
1,"tudi to so prinesli k nam črnuharji, od teh gnilih črnih iztrebkov pač ne moreš pričakovati nič dobrega !!!",sunday,"Monday, January 25, 2021 3:22 PM",https://nova24tv.si/lokalno/v-sloveniji-razglasena-visoka-stopnja-ogrozenosti-zaradi-afriske-prasicje-kuge/
1,"Se en dokaz, da pravo v svetu ne velja enako za vse. Zrtveno jagnje je belec in njegova druzina, ki bodo upraviceno postali se vecji nasprotniki crnuharjev.

Ce bil bil jaz beli policist, se crnca v bodoce ne bi niti dotaknil, ne glede na to, kaj bi one naredil.
In tako BLM in Antifa dobivajo krila. se bo veselo...",kalavnikov,"Wednesday, April 21, 2021 9:59 AM",https://nova24tv.si/svet/pravica-drhali-zmagala-porotniki-nekdanjega-policista-dereka-chauvina-spoznali-za-krivega-smrti-georgea-floyda/
1,"ZAMORCI BI SAMI VEČINOMA POCRKALI OD LAKOTE , ČE BI MORALI ŽIVETI SAMO OD SVOJEGA DELA .",Gren,"Wednesday, October 7, 2020 11:24 AM",https://nova24tv.si/svet/tezko-oborozeni-crnci-marsirali-po-ulicah-louisiane/
1,"Brez belcev, bi črni še vedno bili 1000 let nazaj. Sedaj so dobili moč, vendar ne brez podpore iz ozadja. Če odsekaš roko, ki te hrani, boš tudi sam lačen.",Unikatna,"Wednesday, October 7, 2020 1:24 PM",https://nova24tv.si/svet/tezko-oborozeni-crnci-marsirali-po-ulicah-louisiane/
1,Vojsko na ulico pa počistit to F***ing črnsko nesnago.,DOMOVINSKA LIGA,"Wednesday, October 7, 2020 1:09 PM",https://nova24tv.si/svet/tezko-oborozeni-crnci-marsirali-po-ulicah-louisiane/
1,"Rasistična opica je zagotovo prepričana, da je pametnejša od belcev. Tudi levičarji vseh odtenkov mislijo, da so večji in pametnejši od Boga. Zato taka izjava ne preseneča. Pa vendar je morala priti med bele ljudi, da je pridobila svojo izobrazbo in se je naučila pisati in računati. Zakaj neki ni odšla na izobraževanje nekam med grmičarje? Ne podcenjujem domorodskega znanja, ki se mi zdi pravi zaklad duhovnega in ezoteričnega znanja, ampak zagovedena črnuharca ne bi opravila iniciacije za šamanko. Ker če bi jo, ne bi govorila takih neumnosti.",šmentanamuha,"Wednesday, January 13, 2021 7:38 PM",https://nova24tv.si/svet/o-biden-bi-imel-v-svoji-administraciji-odvetnico-kristen-clarke-ki-je-prepricana-da-so-crnci-zaradi-temnejse-barve-koze-bolj-inteligentni-telesno-razvitejsi-in-bolj-poduhovljeni-od-belcev/
1,"Definitivno je resnica in znanstveno dokazano ,da negroidna rasa po IQ znatneje za ostaja za belci,seveda pa zopet ne vsi kot celotaobstaja tudi del,ki je sposoben dosegati nivo belih,a vendar je ""catch"" v tem,da ti že niso več čisti temnopolti marveč že napol križanci od katerih i eni to stvar uspešno unovčijo in se ne derejo da so zatirani ampak napredujejo s svojim delom in znanjem,ki so si ga bili sposobni pridobiti in oni drugi del,ki pa je v bistvu frustriran,ker je križanec in je neizmerno zloben do okolice ravno zaradi tega neizmerno zloben,če pa je zraven še butast pa je zadeva še tolikohujša.",xtc,"Tuesday, September 8, 2020 3:18 PM",https://nova24tv.si/svet/video-candace-owens-v-sporu-z-reperko-cardi-b-joe-biden-verjame-da-smo-crnci-neumni/
1,rasna diskriminacija je dopustna! za soseda nočem črnuha musliman in cigana!,Van Der Waals,"Tuesday, June 23, 2020 10:47 AM",https://nova24tv.si/slovenija/politika/mladinska-delegatka-pri-ozn-za-slovenijo-pravi-da-crna-zivljenja-stejejo-o-belih-zivljenjih-in-zlorabah-ozn-nad-crnci-pa-molci/
1,"Nisem še slišal za nigerijskega zamorca,da bi bil kateri poštenjak.
Policaj mu sicer ne bi smel klečati na vratu sem pa siguren,da je črnuh crknil namerno samo,da bi zajebal tega policaja kateri mu je hodil obdelovat ženske.Hehehe
----------------------------------------------------------------------------------------------------------------
Dr.Vsevedni Cosmosjasnovidec,vsakemu,lev...,kom......,čef......,mus....,se,po......,.........ostalo je pa znano.
----------------------------------------------------------------------------------------------------------------",cosmosjasnovidec,"Friday, June 5, 2020 11:33 PM",https://nova24tv.si/svet/video-ubiti-george-floyd-ni-zgolj-brezmadezni-mucenik-za-seboj-je-imel-bogato-kriminalno-preteklost/
1,"90% črna golazen, enaka golazen zaseda Evropo.",DOMOVINSKA LIGA,"Monday, June 1, 2020 1:58 PM",https://nova24tv.si/svet/video-protesti-usli-izpod-nadzora-protestniki-ropajo-trgovine-in-pretepajo-tiste-ki-branijo-svojo-lastnino/
1,"Se motiš. 90% protestnikov so belci. Črncev v Ameriki nihče ne zatira. Povsod imajo prednost. Njihov problem je , da se jim ne da študirat, ne da se jim delat. Pa tudi IQ imajo v povprečju nižji. Zato pa so zelo agresivni. Kriminal je edini izhod za mnoge. Ameriški policaji ubijejo več belcev kot črncev, kar v nobenem primeru ni prav, ampak zaradi umorejnih belcev ni nobenih protestov.",Ivan Ivanovič,"Monday, June 1, 2020 11:16 AM",https://nova24tv.si/svet/video-protesti-usli-izpod-nadzora-protestniki-ropajo-trgovine-in-pretepajo-tiste-ki-branijo-svojo-lastnino/
1,čim črnka šteje volilne glasove se že prebudi alarm!!!!,Van Der Waals,"Friday, November 6, 2020 7:46 AM",https://nova24tv.si/slovenija/politika/lvideo-bostjan-m-zupancic-v-pogovoru-z-alesem-erneclom-tanja-fajon-ne-ve-o-cem-govori-ko-govori-o-vladavini-prava/
1,"Če so črnci tako grdi kot ta žnablar floyd, potem si plantaže niti ne želim imet.",rubec,"Saturday, June 6, 2020 7:46 PM",https://nova24tv.si/slovenija/politika/resnica-prepovedana-na-24ur-com-odstranili-komentar-ki-je-zgolj-navedel-da-vecino-umorov-v-zda-zagresijo-crnci/
1,"Ta črnuharska drhal je povsem enaka kot v Sloveniji sedaj ta čefutarska na ulicah katera se očitno ne strinja,da jih delomrzneže podpirajo slovenski davkoplačevalci,sociala in vlada.
Jezni so,ker prejemajo prevelike socialne pomoči dejansko pa sploh ne vedo zakaj smradijo ter smetijo ulice.
Več kot odlično bi bilo,če bi tudi pri nas pričel folk obračunavati z temi čefutarskimi cipami na teh njihovih tako imenovanih protestih kjer so nalite z alkoholom ter nafilane z drogo.
----------------------------------------------------------------------------------------------------------------
Dr.Vsevedni Cosmosjasnovidec,vsakemu,leva..,komu.....,čefu.....,musl...,se,pošč....,.........ostalo je pa znano.
----------------------------------------------------------------------------------------------------------------",cosmosjasnovidec,"Thursday, June 18, 2020 1:04 AM",https://nova24tv.si/svet/crno-aktivistko-ki-je-oznacila-belce-za-sovraznike-posilili-in-ubili-crnci/
1,"Črnio rasisti podobno kot pri nas cigani s pomočjo nevladnikov, lenobe in cuzatorji državnega denarja, mislijo da bodo lahko večno igrali na karto svoje polti . Če bi jim prepustili ZDA bi črnci z nje naredili Afriko čez 50 let, pa ne mislim samo v smislu populacije, ampak predvsem v smislu gospodarstva. Ne sposobni so, zato ni kriva polt belcev, ampak oni sami.",sašo,"Thursday, June 18, 2020 7:21 AM",https://nova24tv.si/svet/crno-aktivistko-ki-je-oznacila-belce-za-sovraznike-posilili-in-ubili-crnci/
1,"a ste vedeli, da je IQ pametnega črnuharja enak iq ju omejenega oz. neumnega opičnjaka !!!",sunday,"Thursday, November 19, 2020 9:59 AM",https://nova24tv.si/slovenija/politika/to-je-vsa-raznolikost-ki-jo-potrebujemo-v-evropi-to-je-bila-izjava-ki-niti-ni-bila-njegova-zaradi-katere-so-na-24ur-zana-mahnica-oznacili-za-rasista/
1,"ČRNCI NIKOLI IN NIKDAR NISO BILE ŽRTVE, NIKOLI, KAR SE TIČE ŽIVLJENJA IZVEN AFRIKE ALI DRUGIH DOMORODNIH DRŽAV, VEDNO SO BILE NASILNE SVINJE, VEDNO, ITAK-V DRŽAVAH, KAMOR SO PRIŠLI NISO NIKOLI IN NIKDAR NIČ USTVARILI, ZATO PA UNIČUJEJO VSE, KAR JIM PRIDE NA PAMET, NE LJUBI SE JIM DELATI, PAČ PA SKORAJ VSI PREJEMAJO SOCIALNO PODPORO, UKVARJAJO PA SE S KRIMINALOM, TUDI UMRLI JE BIL VELIK KRIMINALEC, NOBENA CVETKA, ZA KAR GA IMAJO LEVIČARJI, SKRATKA-LEVIČARJI ZAGOVARJAJO KRIMINAL, UBOJE, UMORE, POSILSTVA, KI GA STORIJO ČRNCI IN NE MISLITI, DA SO MIGRANTI , KI JIH UVAŽAJO V EU KAJ DRUGAČNI, NISO IN NIKOLI NE BODO, TAKŠNI LJUDJE SE NOČEJO IN NE ŽELIJO ASIMILIRATI, KER VEDO, DA BODO VEDNO ZAŠČITENI S STRANI LEVIČARJEV, SE NE BOJIJO NIKOGAR, ZATO ZATIRAJO LJUDI OKOLI SEBE-BELI KRIMINALCI ŠČITIJO ČRNE !!!!",karlina,"Friday, June 19, 2020 9:05 AM",https://nova24tv.si/svet/video-sistemski-rasizem-poglejte-si-brutalne-napade-crncev-na-belce-ki-jih-bodo-osrednji-mediji-zamolcali/
1,Žal je večina temnopoltih v ZDA debela predvsem zaradi lenobe.,Tina Samanta,"Monday, April 5, 2021 1:52 PM",https://nova24tv.si/svet/debelost-temnopoltih-v-zda-po-mnenju-nekaterih-kar-posledica-rasizma/
1,Macron ogabneš... naj se preseli v afriko če so mu tako všeč črnuhi!!!,Van Der Waals,"Tuesday, October 2, 2018 8:31 AM",https://nova24tv.si/svet/video-sistemski-rasizem-poglejte-si-brutalne-napade-crncev-na-belce-ki-jih-bodo-osrednji-mediji-zamolcali/
2,Bolnike pederajsaste zapreti v rezervat in naj se tam razmnožujejo do bridkega konca.,centurion,"Wednesday, April 21, 2021 7:43 PM",https://nova24tv.si/svet/nov-nivo-lgbt-izprijenosti-sole-se-morajo-znebiti-diskriminatornih-izrazov-kot-sta-mama-in-oce/
2,"Prizadeti pedri, pustite naše otroke pri miru, vi jih niti niste sposobni imet, zato pa jih tudi niste sposobni vzgojit in kar se tiče otrok morate biti tiho in se ne smete vmešavati, ko se govori o otrocih.",No men=0men,"Wednesday, April 21, 2021 7:29 PM",https://nova24tv.si/svet/nov-nivo-lgbt-izprijenosti-sole-se-morajo-znebiti-diskriminatornih-izrazov-kot-sta-mama-in-oce/
2,"Glede odnosa do pripadnikov LGBT občudujem Putina. Jim na edini njim razumljiv način pove, kje jim je mesto. So pa agresivni in jim je to, da so drugačni, nenormalni, mogoče povedati samo s silo. Dokler so daleč stran od mojega otroka me ne motijo, v nasprotnem primeru, pa .....
Ker so že tako ponosni nase, naj nosijo naprimer mavrično zvezdo na obleki zaradi ponosa, mi normalni pa bomo vedeli, koga se naj ogibamo v širokem loku, da pred njihovimi nemoralnostmi zaščitimo otroke.",Bebo,"Wednesday, April 21, 2021 7:24 PM",https://nova24tv.si/svet/nov-nivo-lgbt-izprijenosti-sole-se-morajo-znebiti-diskriminatornih-izrazov-kot-sta-mama-in-oce/
2,Golazen pederajsasta nima spoštovanja do ničesar.,Ciril Jenko,"Saturday, March 20, 2021 4:20 AM",https://nova24tv.si/svet/celo-poljska-ni-imuna-na-kristjanofobijo-ponovno-je-bil-oskrunjen-spomenik-janeza-pavla-ii/
2,"Želim, da me pedri in lezbijke nehajo posiljevati s svojimi ""voščili""! Naj se imajo, naj se jeb.jo kolikor se hočejo, ampak nam normalnim naj dajo mir in naj nas ne posiljujejo z tem, kako da so normalni! Niso! So pač defekt narave! In Bog z njimi!",Brutus,"Tuesday, December 22, 2020 6:53 PM",https://nova24tv.si/svet/poljska-lgbtq-skupnost-vsem-skupaj-vosci-mavricne-praznike/
2,"LGBT in vse izrojenosti absolutno prepovedati, vse poslati k psihiatru. Ukiniti in pod sankcijo prepovedati vsakršno dejavnost.",Janko,"Thursday, December 5, 2019 11:38 AM",https://nova24tv.si/slovenija/dr-ivan-stuhec-nismo-se-se-opomogli-od-komunisticne-pohabljenosti-nam-potomci-ze-vsiljujejo-teorijo-spola-kot-civilizacijski-dosezek-in-so-pri-tem-vse-bolj-agresivni/
2,"Če se rodi oseba z homoseksualno nagnjenostjo, je to kolateralna škoda naroda.Že tako ali tako je premalo otrok.",Franc Šink,"Sunday, December 17, 2017 8:10 AM",https://nova24tv.si/svet/o-video-tako-je-srbski-poslanec-na-seji-brutalno-raztrgal-homoseksualce-vam-moramo-vsi-nastaviti-zadnjico/
2,"Ja kaj ps so drugega homoseksualci kot agresivneži...pijajo, se drogirajo, da potem lažje prenesejo bolečino ob tiču v riti..če samo pogledaš njiihovo analno "" ljubezen "" je jasno da se gre za agresivne ljudi.",Sašo,"Saturday, December 9, 2017 7:51 PM",https://nova24tv.si/svet/brez-milosti-sovrazni-komentarji-gejevskega-lobija-pornoigralko-pahnili-v-smrt/
2,Geji in podporniki gejev so psihiči!,AIRWAYS,"Saturday, December 9, 2017 1:27 PM",https://nova24tv.si/svet/brez-milosti-sovrazni-komentarji-gejevskega-lobija-pornoigralko-pahnili-v-smrt/
2,LGBT MANJŠINA BUZERIRA NORMALNE LJUDI!!! PEDRSKI FAŠISTI!!!,Van Der Waals,"Thursday, June 27, 2019 11:38 AM",https://nova24tv.si/svet/400-tisoc-starsev-sporoca-disneyevim-zabaviscem-prenehajte-s-homoseksualno-propagando-ali-pa-vas-bomo-bojkotirali/
2,"LGTB pripadniki niso nevarni samo za gospodarstvo, ampak za celotno državo.",Franci Šink,"Thursday, April 15, 2021 6:56 PM",https://nova24tv.si/svet/poljsko-ustavno-sodisce-razresilo-spornega-varuha-clovekovih-pravic-s-pretecenim-rokom/
2,"Tole sranje z LGBT lahko reši samo en meteorit. Transpizdarije ne sodijo več v rang človeka. Takole se norčevat iz Stvarnika, ne vem, tu bo moral sam Stvarnik poseči vmes. To je res konec civilizacije.",šmentanamuha,"Tuesday, June 9, 2020 8:21 PM",https://nova24tv.si/svet/pisateljica-j-k-rowling-vztraja-da-se-ljudem-ki-menstruirajo-rece-zenske-harry-potter-transspolniki-so-zenske/
2,"Da so toplovodarji moteni sem vedel, a da so tako zelo se mi pa ni sanjalo.",Ciril Jenko,"Thursday, March 11, 2021 9:48 PM",https://nova24tv.si/svet/pripadnik-lgbt-v-crni-gori-lagal-da-so-ga-napadli-napad-nanj-obsodila-srbska-pravoslavna-cerkev/
2,homofob beseda ki so si jo izmislil na FDV ali pa FILOfaksu pedri in lezbike gnili!,Van Der Waals,"Sunday, October 25, 2020 8:29 AM",https://nova24tv.si/svet/estonski-notranji-minister-bi-homoseksualce-poslal-na-svedsko-v-zameno-pa-mu-svedi-predlagajo-da-sprejme-svedske-homofobe/
2,"Pederske spolne prakse in perverzije se mi gabijo, pederska kičasta kranclarija je zame izven zdravega okusa in znak norosti, sodomitsko pedersko posiljevanje otrok z njihovo izrojeno ideologijo je zame višek podlosti. To, da zaradi vsega tega paradirajo in se zato čutijo ponosne je zame težki idotizem. Ali je to sovražni govor?",Artur,"Friday, October 11, 2019 3:44 PM",https://nova24tv.si/slovenija/neverjetno-na-osnovni-soli-dob-bo-drustvo-parada-ponosa-izvedlo-delavnico-na-temo-strasenja-s-sovraznim-govorom-preko-ideologije-lgbt-in-teorije-spola/
2,"homoti in ostale verzije LGBTbalabla so zame umsko moteni osebki vedno bili in vedno bodo in tako bi jih morali tudi obravnavati.

nemarambutlnov.press",Anton,"Wednesday, September 16, 2020 8:48 AM",https://nova24tv.si/svet/poglavar-poljskih-homoborcev-robert-biedron-po-porazu-na-predsedniskih-volitvah-v-tujini-crni-svojo-drzavo/
2,"Verjemte, da so naši LGBT aktivisti bolj nevarni. Pritajeni, prihuljeni, hinavski hodijo po šolah in izvajajo svojo propagando. Antifa bedake je možno videti in ujeti in kaznovati. Kako bomo pa onemogočili Lgbtjevce?",SVOJ,"Saturday, August 29, 2020 8:23 AM",https://nova24tv.si/svet/antifa-s-podporo-varsavskega-zupana-rafala-trzaskowskega-vse-bolj-ogroza-javni-red-in-mir-v-prestolnici/
2,"Kar naj, tako se bodo še bolj zagabili vsem skupaj. Brezbožne LGBT kreature mislijo, da lahko vsilijo svetu svoj satanizem in izprijenost. Mavrično zastavo so ukradli južnoameriškim Indijancem, posmehujejo se Božjim Zakonom in Stvarniku kažejo sredinec. Le le ...",šmentanamuha,"Sunday, August 2, 2020 11:07 PM",https://nova24tv.si/svet/lgbt-aktivisti-skrunili-vec-spomenikov-na-poljskem-premier-jim-odgovarja-z-molitvijo-pred-jezusovimi-nogami-ne-bomo-ponovili-napak-zahoda/
2,"TOČNO VIDIMO, DA TOLERIRANJE TAKIH SEKSUALNOSPREVRŽENIH POKVARJENIH ZLOBNIH SATANOVIH TOLP VODI SAMO V PROPAD NARODOV !!! ! !!! ZATO JE TO PEKLENSKO ZLO POTREBNO NAJBOLJ ZATIRATI , ČE ŽELIMO IMETI ZDRAVO IN USPEŠNO DRUŽBO !!! ! !!! AMENNN !!! ! !!!",Zgornji,"Friday, July 31, 2020 1:58 PM",https://nova24tv.si/svet/to-je-novi-poljski-zunanji-minister-ima-sirok-nabor-izkusenj-s-podrocja-zunanjih-zadev-in-nizko-toleranco-do-lgbt-ideologije/
2,POSTRELT pedre in lezbike!,Van Der Waals,"Sunday, August 2, 2020 8:49 AM",https://nova24tv.si/svet/lgbt-aktivisti-skrunili-vec-spomenikov-na-poljskem-premier-jim-odgovarja-z-molitvijo-pred-jezusovimi-nogami-ne-bomo-ponovili-napak-zahoda/
3,"Ja, Logično. in, zgleda, da je Fujonka rada posiljena . Take so , Satanele Hinavske !!! ! !!!
Približno tako kot neka moja znanka, ki je rekla, da bi rada videla, da jo bi kdo posilil, da bi vsaj (seksala) Nečistovala kdajkrat, ker da že tako dolgo ni .... POKVARJENKE ZLOBNE NEČISTNIŠKE HUDIČEVSKE SATANELE SO TO , IN NIČ DRUGEGA !!! ! !!!",Zgornji,"Wednesday, August 5, 2020 9:17 PM",https://nova24tv.si/svet/uradna-statistika-razkriva-migranti-odgovorni-za-polovico-posilstev-v-berlinu/
3,"Babe so ostale popolnoma brez sramu. Tudi v naših večjih mestih jih vidiš kako posedajo z svojim črnim izbrancem in v očeh jim vidiš samo kurkota.
Niti pomislijo ne, da zbujajo tudi zgražanje in če jo nato kateri na silo napiči, mi ne bo zmotilo spanca. Howg.",Novo Jutro,"Thursday, August 6, 2020 1:22 AM",https://nova24tv.si/svet/uradna-statistika-razkriva-migranti-odgovorni-za-polovico-posilstev-v-berlinu/
3,"Zapomnite si nekaj dobro.................................
Pa sexizem gor ali dol......................
Še vsako družbo v kateri so glavno vlogo prevzele babe in izrojenci je pospešeno vzel hudič in so končale v vojni očiščenja.,motečih zadev in vrnjene nazaj v okvir naravnih zakonitosti.",xtc,"Wednesday, March 17, 2021 4:19 PM",https://nova24tv.si/svet/bodo-v-veliki-britaniji-uvedli-policijsko-uro-za-moske-da-bi-se-zenske-pocutile-bolj-varno/
3,Moški ima možgane ženska žengane. To ni nič narobe ni pa isto.,Brane,"Friday, May 22, 2020 7:16 PM",https://nova24tv.si/sprosceno/video-na-veliko-zalost-feministk-ko-se-zenskam-zagotovi-enakost-moznosti-zelijo-biti-zenske-in-ne-mozace/
3,ko se bil na strojni fakultet v 3 letniku ni bilo niti ene ženske in tako je prav. ostale babe ki sem jih videl na strojni so bile al grde al pa lezbike.,Van Der Waals,"Friday, May 22, 2020 6:21 PM",https://nova24tv.si/sprosceno/video-na-veliko-zalost-feministk-ko-se-zenskam-zagotovi-enakost-moznosti-zelijo-biti-zenske-in-ne-mozace/
3,"Švica je zadnja država v evropi kjer so ženske dobile volilno pravico. socializem lezbarizem, pederizem, FDV idiotizem vse to imajo rade ženske.",Van Der Waals,"Thursday, December 10, 2020 8:27 PM",https://nova24tv.si/svet/zakaj-je-svica-uspesna-in-zakaj-je-slovenija-precej-manj-pri-njih-je-delovalo-tajno-domoljubno-zdruzenje-za-boj-proti-revoluciji-pri-nas-pa-je-vos-skrivaj-tlakoval-pot-povojni-moriji-in-totalitarizm/
3,"Baba je najbrž imela v mislih koljaško jugoslovansko ali srbsko vojsko.

Ta kurnik je treba zapreti.

Kure pa kot kure, naj se znajdejo, kakor se vdo in znajo1",MEFISTO,"Monday, November 30, 2020 7:08 AM",https://nova24tv.si/slovenija/skandalozna-izjava-jadranke-juras-na-rtv-slovenski-vojaki-na-misijah-pobijajo-lokalno-prebivalstvo-kaksne-bodo-reakcije-slovenske-vojske-in-nacionalke/
3,jadranke ne moramo uzeti resno saj ženska glava ne ve kaj govori.,Van Der Waals,"Sunday, November 29, 2020 9:02 PM",https://nova24tv.si/slovenija/skandalozna-izjava-jadranke-juras-na-rtv-slovenski-vojaki-na-misijah-pobijajo-lokalno-prebivalstvo-kaksne-bodo-reakcije-slovenske-vojske-in-nacionalke/
3,"Tukaj ni kaj, prasičko je treba javno kamenjati, tako kot so delali s kurbami v starih časih.",Dbuser,"Sunday, November 29, 2020 11:46 PM",https://nova24tv.si/slovenija/skandalozna-izjava-jadranke-juras-na-rtv-slovenski-vojaki-na-misijah-pobijajo-lokalno-prebivalstvo-kaksne-bodo-reakcije-slovenske-vojske-in-nacionalke/
3,samo en problem imamo... to da imajo ženske volilno pravico. in to pravico smo jim moški dali.,Van Der Waals,"Saturday, October 31, 2020 8:33 AM",https://nova24tv.si/slovenija/politika/teroristicni-napadi-v-evropi-in-zrtve-epidemije-breme-ki-bo-za-vedno-spremljalo-tanjo-fajon/
3,"Predlagam, da se te zmešane ženske čim prej sterilizira. Že misel na to, da bi se te bestialne kreature razmnoževale, je srhljiva.",šmentanamuha,"Wednesday, November 18, 2020 8:18 PM",https://nova24tv.si/slovenija/spet-vandalski-napad-na-slovenske-cerkve-zaljivi-grafiti-dokaz-kdo-stoji-za-vsem-tem/
3,Se ne čudim da so feministke znorele. Drugače pa dokaz da ženske niso lih na visoki intelektualni ravni. redke redke.,Van Der Waals,"Monday, November 5, 2018 3:49 PM",https://nova24tv.si/svet/foto-to-morate-videti-feministicna-navijacica-v-straniscu-polnem-moskih-uporabila-kar-pisoar/
3,"babe niso nikoli samostojne! vedno potrebujejo varnost... finančno, fizično, čustveno,...!!!",Van Der Waals,"Saturday, September 26, 2020 4:18 PM",https://nova24tv.si/svet/na-danasnji-dan-pred-desetimi-leti-je-izginila-27-letna-svedinja-elin-zrtev-multikulturnosti/
3,Ženske za šporget pa u postlo pa tih morjo bit! Amen!,tarantela,"Saturday, February 25, 2017 8:23 AM",https://nova24tv.si/slovenija/zenske-kvote-ovira-ali-spodbuda-dilema-med-enakostjo-in-enakopravnost-odlocajo-naj-ljudje-in-ne-kvote/
3,"Kakšna enaka plačila za oba spola? Kdo pa babam kaj hoče?
Lepo vas prosim no, saj je AFŽ vse zafurala, da se nam še zdaj pozna!!
Buhvarji dat žensko za šefa matr, pofuka vse podrejene dece in babe vpričo sebe za vsako ceno!
Je ja že zdavnaj dognana razlika principa delovanja med spoloma..... dec ukazuje, baba pa prepoveduje, saj to se opazi že pri vzgoji otrok...(!)
Vedno je bil moški Nadučitelj.., učiteljice so mu pa pomagale..., pa je bilo vse dobro vzgojeno!",RATATA,"Wednesday, November 4, 2020 10:15 PM",https://nova24tv.si/lokalno/evropski-dan-enakega-placila-za-oba-spola-razlika-v-sloveniji-znasa-piclih-osem-odstotkov/
3,"Žal Ne more biti Enakost spolov, kajti, Ženske pač Ne morejo Nikoli biti tako sposobne kot moški, ker so bolj zlobne in z bolj oslabljeno voljo. Žal. Mir naj vam bo.",Zgornji,"Friday, November 6, 2020 12:52 PM",https://nova24tv.si/lokalno/evropski-dan-enakega-placila-za-oba-spola-razlika-v-sloveniji-znasa-piclih-osem-odstotkov/
3,Zdej ta babura namiguje da je blo dost boljs prej kot je zdej...da je baba dobila po tintari vsak dan da je vedela kje ji je mesto...preberte si mal uno knjigco ogenj rit in kace...kak je blo v pravih slovenskih druzinah v casu nasih babic...te babe dans tud same ne vedo kaj bi rade...zdej se jim ze tozi po batinah...recept za take je cist preprost..najdi si sluzbo(ne neko pisarjenje) pa ne bos mela casa takih bedarij tuhtat...,Goran Hvala,"Saturday, March 10, 2018 1:04 PM",http://nova24tv.si/kolumna/znanje-je-moc-moski-postajajo-vse-bolj-podobni-zenskam-zenske-pa-moskim/
3,"meni se pojem ženskosti zdi najlepši takrat,ne glede na vse kar se dogaja v zvezi z njo, da preživi večji del njenega časa za šporgetom !",renee,"Tuesday, March 8, 2016 11:39 AM",https://nova24tv.si/slovenija/zenske-postanite-spet-zenske/
3,"Mlade ženske ne bi smele komentirati pred 50. letom, hehehe, dobra.",tohuvabohu,"Sunday, October 9, 2016 11:52 AM",https://nova24tv.si/slovenija/roman-vodeb-modri-kolumnisti-in-zelene-kolumnistke/
3,"Smrklja potrebuje enih par krepkih okrog zadrogirane, feministične buče, tako kot večina naših levaških poslank ter raznih članic levaških civilnih združenj.",antimur,"Wednesday, January 18, 2017 7:51 PM",https://nova24tv.si/svet/bizarno-feministka-vdrla-v-muzej-in-prijela-voscen-kip-donalda-trumpa-za-mednozje/
4,"Lepo je bilo opazovati SLO kolesarska asa. Več kot očitno je, da je Roglič v samem finišu prepustil zmago Pogačarju. Tiste 4 sekunde, kolikor jih je izgubil z bonifikacijo, mu očitno trenutno nič ne pomenijo. Še vedno ima 20 s prednosti. Trenutno je najvažnejše varčevati z močjo za 6 kraljevsko etapo.",anzek,"Wednesday, April 7, 2021 8:21 PM",https://nova24tv.si/sprosceno/sport/pogacar-in-roglic-nepremagljiva-na-tretji-etapi-dirke-po-baskiji/
4,"Jaz mu rada prisluhnem...

Še na dolga leta!!!",Unikatna,"Wednesday, April 14, 2021 3:58 PM",https://nova24tv.si/sprosceno/video-pred-20-leti-je-frajtonarca-osvojila-diskoteke-in-klube/
4,"Bravo Rogla, držimo pesti za jutrišnjo skupno zmago.",totex39,"Saturday, March 13, 2021 5:48 PM",https://nova24tv.si/sprosceno/roglic-po-tretji-etapni-zmagi-tik-pred-skupno-zmago/
4,"Čemaž pomaga pri razstrupljanju telesa.
Najbolj pa pomaga pri razgradnji telesa jesenski podlesek.",DOMOVINSKA LIGA,"Saturday, March 13, 2021 9:59 AM",https://nova24tv.si/sprosceno/cemaz-pomaga-pri-razstrupljanju-telesa/
4,"Mislim da v tej zgodbi nekaj manjka - predvsem to da je posrednik pravilno registriran je pravn oseba in lahko gorivo za nadaljno prodajo dobi brez trosarin, obenem pa ker gre za vstopni DDV, medtem ko izstopnega ni. V glavnem pomeni da mora drzava nakazati vracilo vstopnega DDV.. Davka pa tako ali tako ni..",Waltter,"Tuesday, April 20, 2021 10:37 AM",https://nova24tv.si/slovenija/o-goriva-iz-slovenije-gre-za-dizelsko-prevaro/
4,"""BRAVO"", zelo domiselno (sicer, da ne bo pomote, potrebno za Planino) !!! Vendar bodo tako zabili Jesenice, ki zaradi nedomiselne občinske politike (beri županov), nima dovolj parkirnih mest niti za občane. Edine proste parkirne površine ob nedeljah so ob trgovskih centrih, ki pa so v večini zaprti z zapornicami.",Peter Kos,"Wednesday, April 14, 2021 12:40 PM",https://nova24tv.si/lokalno/na-planino-pod-golico-le-z-avtobusom/
4,"Morda bi bilo dobrodošlo sporočilo kako bo letos z narcisami, ko siplje snega da je veselje.",Andrej,"Wednesday, April 14, 2021 12:13 PM",https://nova24tv.si/lokalno/na-planino-pod-golico-le-z-avtobusom/
4,"Upam, da ne bo kaj močnejšega! Preveč škode je naredil že virus in pozeba. Saj, ko te 1x kaj doleti, potem se kar vrstijo tragedije in težave...",Unikatna,"Saturday, April 10, 2021 10:28 AM",https://nova24tv.si/lokalno/ponoci-se-je-treslo-seizmografi-zaznali-kar-tri-potresne-sunke/
4,"Brrr, 20 pod nulo, to pa je mraz. Aprila.",Andrej,"Wednesday, April 7, 2021 9:40 AM",https://nova24tv.si/lokalno/aprilski-temperaturni-rekord-na-blokah-tako-hladno-se-ni-bilo-odkar-spremljajo-podatke/
4,"Včeraj sem skoraz zamrznil v roke , tako se je ohladilo zvečer :-((",Zgornji,"Thursday, April 8, 2021 5:44 PM",https://nova24tv.si/lokalno/slovenijo-preplavlja-izrazita-hladna-fronta/
4,"Pri nas pa je že priletela prva štorkljica, verjetno je štrkec. Upam, da ga ne bo preveč zeblo",šmentanamuha,"Monday, April 5, 2021 12:09 PM",https://nova24tv.si/lokalno/nove-podrobnosti-o-torkovi-snezni-posiljki/
4,"To so dejanja! Navijam za vas, vam želim prepoznavnost in tudi nagrado. Moj nečak v CUDV Dobrna čaka že 25let na podobne rešitve.",sam,"Friday, April 2, 2021 5:22 PM",https://nova24tv.si/lokalno/pzs-napoveduje-nova-dozivetja-za-invalide-in-osebe-s-posebnimi-potrebami-v-slovenskih-gorah/
4,"Eh, to je rušilec (destroyer), ne pa bojna ladja (battleship). Vse ameriške bojne ladje so imele imena po zveznih državah, rušilci pa imajo imena po izpostavljenih pomorskih poveljnikih. Tako da zavajajoč naslov. Lahko bi pa pisalo vojna/vojaška ladja, potem bi bilo v redu...",matjazr7,"Friday, April 23, 2021 3:14 PM",https://nova24tv.si/sprosceno/zanimivosti/video-najdena-najgloblja-ladijska-razbitina-na-svetu-gre-za-bojno-ladjo-uniceno-v-bitki-leta-1944-in-se-nahaja-na-globini-6100-metrov/
4,"Je men pa Kekcu teta Pehta lepo povedala .. :
"" Za vsako bolezen rož'ca raste "" ",Rožle,"Thursday, April 22, 2021 1:20 AM",https://nova24tv.si/sprosceno/univerzum/zdravje/pripravite-si-caj-iz-regratovih-cvetov/
4,"Če je zaščitena vrsta, ga je itak moral spustiti...",Unikatna,"Thursday, April 15, 2021 1:14 PM",https://nova24tv.si/sprosceno/zanimivosti/prijazni-ribic-mlademu-modremu-morskemu-psu-resil-zivljenje/
4,"Spet bo škoda, ker že marsikaj cveti...Upam, da ne bo prevelik minus....",Unikatna,"Monday, April 5, 2021 11:25 AM",https://nova24tv.si/lokalno/nove-podrobnosti-o-torkovi-snezni-posiljki/
4,"Me res zanima, kako to bo....bode pa v oci, da prikazujejo sliko za SVslovenijoskoz do meje z A nad korosko....to pa potem ni vec relevantno za nas ...MB ,ter podravje. zato pa povecini tudi ne drzi napoved za SV ....Pozeba bo verjetno res neizbezna, pa se to je vprasanje....te napovedi naj oni prihranijo za sebe, nam to pac ne koristi cisto nic....",stane,"Monday, April 5, 2021 4:49 PM",https://nova24tv.si/lokalno/nove-podrobnosti-o-torkovi-snezni-posiljki/
4,"Mi ga večkrat jemo z smetano, jabolko...ampak tokrat mi je hči prinesla v tubi, ker ni dobila korena.. aj, aj....naj še hren gojim v lončku na balkonu...",Unikatna,"Friday, April 2, 2021 12:33 PM",https://nova24tv.si/sprosceno/univerzum/zdravje/zdravilni-hren-bi-morali-jesti-vse-leto/
4,"A ne, ta današnja mladina.. vse kar je že pripravljeno-- se samo mal hecam",KAPIBARA,"Friday, April 2, 2021 1:03 PM",https://nova24tv.si/sprosceno/univerzum/zdravje/zdravilni-hren-bi-morali-jesti-vse-leto/
4,Po mojih izkušnjah je bolje tako. Sveži hren iz trgovskih centrov je običajno brez okusa.,dež,"Friday, April 2, 2021 4:49 PM",https://nova24tv.si/sprosceno/univerzum/zdravje/zdravilni-hren-bi-morali-jesti-vse-leto/
